"","x"
"0",12
"1",17
"3",5
"4",2
"5",14
"6",12
"9",16
"10",16
"11",19
"12",12
"13",17
"14",16
"19",11
"21",14
"22",13
"23",12
"28",17
"31",75
"32",19
"33",13
"34",16
"36",30
"37",20
"38",22
"43",14
"45",17
"47",75
"48",65
"50",15
"53",16
"55",14
"56",20
"57",23
"63",13
"64",21
"65",6
"68",19
"71",11
"75",4
"76",14
"77",18
"78",13
"80",15
"82",12
"83",14
"85",21
"87",1
"89",11
"90",16
"92",5
"93",13
"94",11
"95",19
"96",10
"97",13
"99",13
"101",21
"103",8
"104",17
"105",11
"106",17
"107",16
"108",11
"109",13
"110",15
"112",17
"114",14
"116",13
"118",11
"120",14
"121",14
"122",6
"123",30
"125",11
"132",4
"134",16
"135",21
"139",6
"142",7
"143",9
"145",10
"147",15
"150",38
"151",17
"153",19
"154",11
"155",15
"156",11
"159",15
"160",6
"164",4
"166",27
"172",12
"176",10
"180",26
"183",14
"185",13
"187",15
"191",12
"195",13
"196",13
"197",16
"198",15
"202",26
"203",12
"204",13
"205",20
"206",16
"207",25
"208",13
"209",15
"211",2
"212",14
"215",9
"216",3
"218",14
"219",3
"220",13
"221",74
"222",83
"223",79
"224",56
"225",76
"226",84
"227",83
"228",9
"229",76
"230",77
"231",19
"233",16
"234",13
"240",14
"241",10
"243",4
"245",15
"249",14
"250",14
"252",13
"254",12
"255",15
"256",14
"257",19
"258",17
"261",11
"264",12
"266",5
"267",13
"268",13
"270",17
"271",71
"272",68
"273",38
"274",68
"275",67
"276",68
"277",74
"278",68
"279",74
"281",9
"282",26
"284",16
"290",10
"291",15
"292",21
"296",21
"297",3
"299",18
"300",7
"303",3
"304",19
"305",14
"306",13
"308",14
"311",24
"317",15
"318",13
"319",11
"325",18
"326",21
"328",11
"336",17
"338",7
"339",13
"341",17
"348",12
"349",3
"350",25
"351",14
"353",2
"354",12
"355",13
"356",3
"357",23
"358",14
"362",14
"365",14
"368",7
"370",13
"373",12
"374",15
"376",18
"377",18
"378",15
"381",12
"382",13
"383",19
"384",11
"385",66
"386",87
"387",61
"388",69
"390",13
"391",79
"392",57
"393",49
"394",8
"401",14
"402",13
"403",15
"407",3
"408",14
"410",14
"411",14
"415",20
"416",8
"417",12
"418",17
"419",15
"420",17
"428",11
"430",13
"431",10
"432",13
"434",15
"437",15
"440",11
"441",15
"443",25
"444",11
"445",16
"449",14
"450",19
"453",4
"458",17
"459",22
"460",16
"461",18
"466",2
"467",2
"470",17
"471",11
"473",17
"475",18
"476",12
"477",13
"478",14
"481",15
"484",18
"490",11
"491",14
"494",4
"498",20
"500",14
"503",8
"507",9
"508",18
"509",32
"511",10
"514",11
"518",12
"520",9
"521",16
"522",14
"523",17
"524",18
"527",6
"528",2
"529",9
"530",13
"531",11
"533",6
"535",14
"540",14
"541",73
"542",14
"543",14
"546",20
"549",20
"550",13
"557",13
"558",11
"559",12
"562",11
"566",7
"571",13
"574",11
"579",15
"580",16
"581",14
"582",14
"583",13
"584",12
"585",7
"589",6
"590",12
"591",11
"592",18
"597",16
"599",4
"602",14
"606",16
"609",12
"610",19
"612",18
"614",16
"615",10
"618",23
"621",18
"622",11
"623",12
"626",12
"628",12
"629",6
"631",11
"632",20
"638",5
"641",8
"642",3
"643",5
"646",11
"655",10
"656",15
"657",19
"658",18
"659",14
"661",11
"665",16
"667",11
"670",13
"673",9
"675",13
"676",32
"681",10
"682",14
"686",19
"687",24
"688",76
"689",13
"691",3
"692",14
"693",57
"694",14
"695",18
"697",12
"698",17
"700",20
"702",10
"704",12
"709",14
"710",15
"716",13
"719",17
"720",10
"724",13
"730",17
"732",15
"733",2
"734",13
"735",17
"736",15
"738",4
"739",10
"740",14
"742",16
"745",13
"746",12
"747",12
"749",3
"751",4
"754",10
"756",11
"757",17
"759",2
"764",16
"766",5
"769",16
"771",12
"772",22
"773",12
"774",10
"779",16
"782",16
"784",13
"786",11
"787",12
"790",12
"794",13
"796",12
"797",6
"799",6
"800",13
"801",4
"802",14
"804",8
"809",13
"812",14
"814",11
"815",13
"818",15
"819",15
"821",66
"823",15
"824",13
"826",9
"828",10
"831",5
"833",10
"835",14
"838",17
"840",24
"841",55
"842",88
"843",5
"844",10
"848",16
"850",12
"852",13
"854",40
"856",12
"857",12
"860",16
"861",22
"862",13
"865",13
"872",19
"874",18
"876",79
"882",13
"887",75
"890",18
"893",6
"894",13
"896",13
"897",10
"898",20
"899",18
"900",23
"901",11
"902",6
"906",14
"912",16
"913",6
"915",12
"920",22
"922",17
"925",19
"926",15
"928",3
"931",11
"934",15
"935",12
"941",12
"942",16
"943",13
"945",12
"947",29
"948",19
"951",11
"952",19
"957",13
"960",23
"961",11
"962",14
"966",6
"971",10
"972",14
"974",19
"975",16
"976",5
"977",19
"978",10
"979",15
"983",17
"984",11
"985",7
"988",10
"993",17
"995",24
"997",17
"999",59
"1002",19
"1005",14
"1006",12
"1012",16
"1015",15
"1020",85
"1021",12
"1022",30
"1028",18
"1029",11
"1030",4
"1034",14
"1035",14
"1042",9
"1044",12
"1051",15
"1053",14
"1054",14
"1061",11
"1062",15
"1063",13
"1065",16
"1068",12
"1069",30
"1070",15
"1072",4
"1073",17
"1075",12
"1076",14
"1078",14
"1081",11
"1083",11
"1086",56
"1088",13
"1091",9
"1093",21
"1095",13
"1096",20
"1097",14
"1102",16
"1105",15
"1106",16
"1107",12
"1108",13
"1109",15
"1112",14
"1113",29
"1115",12
"1117",15
"1120",18
"1121",24
"1124",16
"1126",11
"1127",11
"1128",17
"1133",13
"1136",15
"1141",16
"1143",10
"1145",13
"1149",21
"1150",20
"1152",14
"1156",16
"1158",18
"1159",14
"1160",11
"1161",13
"1165",17
"1170",9
"1171",15
"1179",12
"1185",16
"1186",12
"1187",12
"1191",4
"1193",11
"1197",13
"1198",43
"1199",20
"1201",11
"1204",5
"1206",14
"1208",14
"1209",3
"1210",2
"1212",23
"1213",14
"1215",12
"1216",13
"1217",15
"1220",20
"1226",20
"1229",11
"1230",12
"1231",11
"1232",11
"1233",14
"1239",10
"1242",12
"1244",11
"1245",20
"1247",21
"1251",19
"1252",10
"1253",7
"1257",16
"1260",14
"1265",14
"1267",17
"1268",12
"1273",10
"1277",54
"1279",13
"1281",11
"1283",10
"1284",3
"1285",18
"1296",12
"1299",14
"1300",17
"1305",16
"1306",10
"1307",16
"1308",10
"1309",10
"1310",3
"1311",15
"1312",13
"1313",14
"1314",10
"1316",19
"1319",16
"1321",19
"1324",12
"1327",19
"1328",16
"1329",10
"1330",14
"1331",11
"1333",14
"1334",15
"1336",6
"1343",10
"1346",17
"1347",12
"1349",18
"1350",14
"1351",13
"1352",19
"1354",17
"1355",17
"1356",15
"1357",6
"1358",16
"1359",2
"1360",8
"1362",13
"1363",41
"1364",53
"1365",18
"1367",16
"1372",15
"1373",17
"1375",15
"1376",2
"1378",12
"1380",10
"1382",11
"1385",12
"1386",13
"1387",16
"1389",12
"1390",7
"1391",12
"1396",16
"1399",15
"1402",2
"1404",15
"1408",13
"1412",2
"1414",23
"1417",18
"1421",18
"1424",17
"1427",12
"1428",15
"1429",17
"1430",17
"1432",15
"1433",13
"1434",17
"1437",16
"1438",21
"1439",15
"1440",15
"1442",3
"1443",11
"1444",13
"1451",17
"1453",16
"1456",13
"1457",14
"1459",10
"1461",16
"1467",14
"1469",12
"1473",14
"1474",10
"1475",14
"1477",15
"1480",9
"1481",15
"1486",6
"1489",17
"1490",11
"1492",15
"1497",21
"1498",15
"1499",11
"1500",15
"1504",14
"1509",12
"1510",12
"1511",11
"1512",14
"1514",7
"1516",16
"1518",12
"1519",16
"1520",22
"1523",15
"1525",29
"1526",5
"1529",8
"1531",16
"1532",13
"1541",16
"1542",18
"1543",20
"1544",10
"1546",14
"1548",11
"1551",14
"1554",15
"1555",14
"1562",9
"1563",19
"1564",2
"1565",16
"1567",15
"1571",15
"1572",14
"1574",10
"1576",27
"1584",13
"1585",13
"1586",11
"1587",15
"1591",11
"1592",27
"1594",22
"1596",13
"1597",12
"1598",8
"1599",4
"1605",11
"1608",16
"1609",12
"1611",12
"1613",18
"1614",14
"1617",14
"1620",14
"1622",14
"1624",11
"1625",6
"1626",2
"1627",13
"1635",10
"1640",3
"1641",17
"1642",18
"1645",13
"1647",15
"1648",17
"1651",10
"1652",2
"1653",16
"1656",12
"1658",5
"1661",5
"1662",15
"1663",5
"1665",18
"1666",10
"1667",13
"1670",16
"1671",14
"1675",14
"1676",86
"1678",14
"1685",13
"1686",10
"1689",19
"1691",18
"1695",2
"1703",12
"1707",14
"1708",13
"1709",14
"1715",13
"1718",17
"1724",4
"1727",10
"1730",11
"1731",17
"1733",18
"1734",11
"1735",16
"1738",16
"1740",11
"1743",18
"1744",18
"1746",13
"1750",12
"1753",4
"1754",16
"1756",15
"1757",12
"1758",13
"1760",11
"1761",12
"1763",11
"1767",24
"1768",10
"1772",19
"1775",13
"1776",15
"1777",31
"1778",21
"1779",11
"1781",11
"1783",8
"1784",14
"1785",12
"1787",14
"1790",5
"1793",13
"1797",13
"1804",17
"1807",6
"1808",15
"1809",24
"1812",16
"1815",22
"1818",12
"1819",20
"1822",13
"1824",16
"1828",11
"1830",18
"1834",12
"1835",12
"1836",10
"1838",11
"1839",17
"1840",15
"1841",11
"1842",17
"1843",10
"1845",13
"1846",14
"1848",15
"1850",15
"1854",16
"1856",12
"1857",13
"1858",11
"1862",11
"1864",16
"1869",11
"1871",13
"1873",13
"1874",17
"1876",2
"1878",14
"1879",13
"1880",15
"1882",16
"1884",13
"1886",12
"1887",13
"1889",13
"1890",15
"1893",12
"1894",15
"1896",10
"1898",11
"1900",17
"1904",11
"1907",17
"1912",3
"1914",17
"1917",12
"1922",15
"1926",17
"1928",2
"1930",9
"1932",18
"1933",14
"1936",11
"1940",14
"1941",11
"1943",11
"1944",17
"1947",13
"1951",16
"1956",5
"1958",12
"1959",12
"1960",2
"1962",2
"1964",15
"1965",13
"1970",29
"1973",3
"1974",12
"1975",19
"1976",13
"1978",3
"1979",11
"1980",13
"1981",11
"1982",12
"1983",13
"1988",12
"1990",3
"1993",11
"1995",10
"1996",11
"1998",18
"1999",16
"2001",13
"2003",20
"2006",16
"2008",15
"2012",15
"2013",12
"2014",9
"2015",3
"2017",18
"2018",10
"2019",16
"2021",13
"2022",33
"2023",11
"2024",20
"2025",19
"2026",7
"2027",12
"2032",11
"2035",22
"2036",14
"2037",12
"2038",1
"2039",18
"2040",14
"2042",3
"2043",16
"2045",14
"2046",15
"2050",12
"2055",19
"2056",12
"2057",12
"2058",6
"2059",13
"2060",15
"2063",22
"2066",18
"2071",17
"2072",12
"2079",15
"2082",14
"2084",14
"2088",12
"2089",6
"2092",13
"2093",17
"2094",12
"2098",11
"2099",5
"2100",16
"2101",6
"2102",12
"2107",15
"2108",11
"2109",11
"2112",14
"2113",12
"2114",16
"2116",3
"2117",14
"2118",10
"2121",9
"2128",12
"2129",12
"2130",4
"2131",12
"2134",6
"2135",17
"2137",18
"2138",28
"2142",9
"2143",11
"2144",11
"2145",16
"2148",18
"2149",12
"2153",13
"2154",10
"2157",11
"2158",10
"2159",4
"2160",11
"2161",11
"2164",12
"2165",13
"2170",13
"2172",14
"2178",12
"2181",13
"2183",12
"2186",17
"2191",17
"2193",8
"2194",10
"2198",20
"2199",12
"2204",12
"2205",12
"2208",17
"2209",19
"2210",9
"2211",1
"2212",18
"2213",11
"2216",6
"2218",14
"2219",13
"2220",13
"2225",11
"2226",14
"2229",12
"2232",16
"2234",12
"2235",14
"2236",11
"2239",13
"2240",14
"2241",15
"2248",14
"2249",12
"2250",6
"2251",8
"2256",12
"2262",9
"2263",14
"2264",6
"2266",24
"2271",16
"2273",17
"2274",20
"2277",15
"2278",10
"2280",12
"2281",17
"2283",4
"2286",16
"2287",11
"2294",17
"2296",8
"2298",14
"2299",12
"2300",17
"2304",10
"2308",5
"2309",12
"2310",5
"2311",23
"2312",10
"2313",12
"2315",14
"2318",12
"2319",11
"2321",12
"2325",13
"2326",24
"2327",21
"2329",16
"2330",12
"2331",11
"2336",13
"2339",7
"2340",15
"2341",14
"2342",11
"2343",5
"2344",1
"2348",13
"2349",11
"2350",21
"2352",11
"2353",11
"2354",12
"2355",10
"2358",11
"2359",10
"2364",11
"2367",17
"2369",16
"2371",16
"2373",3
"2374",13
"2375",12
"2376",16
"2378",17
"2380",11
"2383",13
"2385",19
"2389",17
"2393",15
"2395",10
"2396",14
"2402",12
"2403",13
"2407",7
"2408",13
"2409",9
"2410",13
"2412",4
"2413",20
"2414",12
"2415",14
"2416",16
"2420",12
"2421",4
"2425",7
"2426",11
"2427",12
"2428",20
"2430",16
"2432",27
"2433",14
"2437",2
"2438",5
"2439",13
"2440",13
"2441",12
"2442",3
"2443",12
"2444",3
"2445",16
"2446",15
"2449",13
"2452",13
"2453",11
"2454",4
"2455",14
"2458",7
"2459",16
"2463",12
"2465",11
"2466",11
"2468",12
"2469",21
"2470",6
"2471",11
"2472",20
"2478",5
"2479",16
"2480",14
"2482",16
"2483",14
"2484",17
"2487",16
"2489",11
"2490",13
"2493",22
"2494",15
"2495",15
"2496",18
"2498",15
"2499",11
"2504",10
"2509",1
"2511",14
"2513",12
"2514",9
"2515",2
"2517",11
"2520",17
"2521",4
"2522",4
"2523",13
"2524",14
"2525",13
"2527",11
"2530",13
"2533",11
"2534",14
"2535",10
"2539",7
"2540",14
"2542",8
"2544",11
"2545",20
"2546",20
"2547",15
"2548",11
"2549",11
"2550",12
"2551",13
"2554",9
"2557",13
"2558",18
"2560",1
"2561",11
"2562",15
"2565",10
"2570",5
"2571",17
"2572",1
"2574",15
"2575",15
"2576",13
"2577",12
"2578",1
"2579",11
"2581",8
"2583",22
"2585",16
"2586",11
"2587",12
"2588",12
"2589",15
"2590",11
"2592",11
"2593",10
"2596",12
"2599",12
"2602",14
"2603",14
"2604",14
"2605",13
"2607",13
"2608",6
"2609",16
"2610",9
"2611",19
"2614",14
"2617",10
"2623",7
"2624",1
"2625",10
"2629",13
"2630",11
"2634",4
"2635",13
"2638",11
"2642",19
"2643",16
"2644",28
"2645",8
"2646",10
"2647",10
"2652",17
"2654",15
"2655",16
"2656",13
"2657",4
"2658",12
"2661",12
"2662",13
"2663",4
"2665",11
"2668",12
"2670",3
"2671",13
"2673",14
"2675",18
"2676",15
"2677",11
"2678",16
"2681",13
"2683",13
"2684",16
"2685",20
"2687",6
"2688",21
"2689",11
"2691",11
"2692",7
"2693",12
"2695",15
"2696",16
"2697",2
"2698",20
"2699",11
"2702",15
"2703",10
"2709",3
"2710",14
"2712",18
"2713",3
"2714",11
"2716",12
"2717",13
"2718",11
"2719",5
"2722",17
"2723",12
"2725",12
"2726",14
"2727",13
"2728",19
"2729",6
"2733",10
"2737",14
"2738",14
"2742",4
"2748",15
"2749",12
"2750",14
"2751",13
"2752",11
"2753",13
"2754",30
"2759",21
"2760",11
"2765",3
"2766",12
"2769",18
"2772",2
"2773",9
"2776",4
"2777",13
"2781",14
"2785",19
"2790",12
"2791",11
"2795",11
"2798",2
"2800",11
"2801",20
"2802",12
"2804",13
"2805",21
"2806",14
"2807",11
"2808",12
"2811",1
"2812",15
"2814",13
"2815",11
"2817",38
"2818",2
"2819",10
"2821",13
"2823",21
"2824",1
"2825",11
"2832",10
"2834",14
"2836",5
"2838",13
"2840",2
"2843",6
"2844",19
"2845",20
"2848",18
"2849",13
"2851",14
"2855",12
"2856",19
"2857",14
"2858",10
"2859",15
"2860",14
"2862",18
"2865",19
"2867",12
"2868",12
"2870",17
"2874",13
"2877",15
"2879",13
"2880",17
"2881",14
"2886",10
"2887",11
"2889",15
"2892",13
"2895",12
"2896",14
"2899",12
"2900",18
"2904",18
"2905",1
"2907",10
"2909",13
"2910",5
"2911",13
"2914",10
"2915",12
"2916",18
"2917",25
"2919",18
"2920",9
"2925",1
"2927",6
"2930",13
"2932",21
"2936",5
"2937",15
"2938",11
"2943",13
"2947",10
"2952",11
"2955",10
"2957",7
"2958",11
"2960",8
"2962",15
"2963",15
"2964",12
"2965",4
"2967",6
"2968",2
"2969",15
"2970",11
"2971",13
"2972",10
"2974",6
"2976",8
"2979",1
"2981",13
"2982",20
"2984",10
"2985",10
"2986",14
"2989",14
"2993",5
"2998",12
"3000",12
"3001",13
"3002",65
"3003",21
"3004",12
"3005",11
"3006",4
"3015",20
"3017",14
"3018",16
"3019",10
"3030",14
"3032",15
"3034",18
"3035",18
"3036",15
"3040",20
"3041",11
"3042",12
"3044",14
"3045",15
"3046",11
"3047",11
"3049",5
"3050",12
"3051",23
"3056",17
"3058",11
"3059",15
"3062",13
"3063",15
"3064",2
"3065",16
"3067",20
"3068",14
"3070",13
"3072",12
"3077",19
"3078",40
"3079",17
"3080",11
"3081",17
"3086",10
"3087",6
"3088",16
"3090",15
"3092",14
"3093",14
"3095",13
"3096",13
"3097",3
"3099",2
"3100",10
"3101",14
"3103",12
"3106",2
"3107",1
"3108",10
"3111",11
"3112",16
"3113",7
"3115",13
"3116",18
"3117",12
"3119",17
"3122",10
"3125",1
"3126",12
"3128",10
"3130",13
"3134",1
"3135",9
"3137",16
"3142",12
"3150",17
"3153",8
"3155",10
"3156",12
"3162",15
"3163",11
"3164",9
"3169",15
"3172",17
"3174",15
"3176",11
"3177",12
"3178",13
"3179",9
"3180",12
"3182",11
"3183",12
"3184",3
"3185",10
"3186",11
"3187",10
"3188",12
"3189",10
"3190",16
"3192",5
"3193",10
"3194",17
"3195",14
"3196",12
"3198",11
"3200",14
"3201",13
"3202",12
"3203",18
"3204",15
"3207",11
"3208",12
"3209",6
"3210",13
"3212",15
"3214",17
"3215",14
"3216",8
"3221",13
"3223",14
"3226",15
"3228",12
"3232",6
"3233",2
"3235",15
"3237",10
"3238",6
"3240",13
"3242",20
"3243",13
"3247",16
"3248",11
"3249",15
"3250",24
"3251",17
"3252",1
"3253",10
"3257",26
"3258",5
"3259",16
"3260",10
"3261",15
"3262",11
"3264",18
"3265",10
"3266",17
"3268",16
"3271",10
"3272",12
"3273",15
"3274",11
"3275",14
"3276",10
"3277",16
"3280",15
"3283",10
"3285",11
"3286",12
"3289",13
"3290",11
"3291",13
"3293",4
"3298",14
"3300",11
"3302",10
"3303",12
"3304",14
"3306",10
"3307",14
"3309",12
"3311",2
"3312",14
"3313",7
"3320",17
"3323",11
"3327",14
"3328",12
"3329",7
"3332",17
"3333",12
"3337",2
"3338",18
"3342",18
"3343",16
"3345",5
"3350",12
"3358",17
"3359",11
"3361",11
"3363",17
"3366",12
"3368",16
"3370",26
"3372",18
"3374",3
"3378",14
"3383",16
"3390",15
"3392",13
"3393",11
"3394",2
"3398",11
"3401",21
"3404",16
"3407",13
"3411",17
"3412",11
"3413",6
"3414",6
"3415",11
"3416",12
"3417",14
"3418",18
"3422",6
"3429",15
"3435",13
"3437",15
"3442",15
"3444",12
"3451",54
"3452",8
"3453",12
"3455",15
"3459",3
"3462",9
"3463",16
"3468",3
"3471",12
"3473",13
"3476",14
"3478",13
"3486",5
"3487",9
"3488",10
"3489",5
"3490",11
"3492",10
"3495",12
"3496",12
"3499",13
"3507",11
"3509",14
"3512",11
"3513",14
"3515",7
"3516",11
"3518",15
"3519",12
"3520",13
"3521",8
"3535",12
"3538",22
"3544",12
"3548",19
"3551",15
"3552",15
"3558",16
"3560",9
"3563",11
"3564",10
"3565",14
"3566",6
"3567",14
"3568",15
"3570",11
"3574",23
"3583",14
"3585",16
"3592",15
"3593",3
"3594",7
"3597",11
"3601",2
"3604",13
"3607",8
"3609",12
"3610",14
"3611",12
"3613",13
"3615",12
"3618",10
"3619",7
"3620",12
"3622",3
"3623",6
"3625",8
"3626",4
"3631",15
"3636",12
"3637",7
"3640",12
"3656",16
"3657",12
"3658",12
"3659",13
"3661",14
"3662",11
"3663",14
"3664",12
"3665",12
"3667",16
"3675",12
"3678",17
"3679",4
"3684",11
"3688",2
"3694",12
"3695",11
"3696",13
"3699",14
"3700",17
"3701",15
"3710",16
"3711",15
"3712",14
"3715",11
"3718",12
"3719",13
"3721",16
"3722",14
"3727",11
"3728",12
"3733",22
"3734",30
"3735",12
"3740",17
"3741",12
"3742",12
"3743",15
"3746",16
"3748",12
"3749",12
"3751",12
"3753",2
"3756",11
"3759",11
"3760",12
"3761",15
"3769",13
"3776",14
"3781",11
"3784",19
"3785",20
"3787",12
"3790",16
"3795",26
"3801",16
"3805",18
"3808",11
"3809",5
"3810",11
"3812",7
"3814",13
"3816",12
"3817",12
"3818",12
"3820",11
"3822",11
"3829",13
"3836",16
"3837",12
"3844",13
"3845",15
"3847",12
"3854",16
"3858",17
"3860",7
"3862",2
"3868",11
"3869",38
"3871",10
"3872",15
"3873",17
"3874",13
"3876",12
"3878",7
"3880",11
"3883",10
"3890",12
"3891",15
"3893",14
"3905",12
"3906",12
"3910",13
"3911",17
"3913",13
"3914",15
"3923",15
"3927",18
"3930",16
"3937",15
"3938",11
"3939",9
"3940",12
"3948",3
"3953",20
"3956",15
"3957",16
"3965",33
"3966",12
"3970",9
"3971",14
"3972",12
"3975",7
"3976",13
"3988",20
"3989",3
"3992",13
"3993",13
"3994",12
"3997",14
"3998",4
"4000",7
"4001",21
"4002",12
"4003",40
"4004",16
"4005",3
"4009",11
"4010",13
"4013",13
"4015",14
"4017",4
"4018",11
"4020",8
"4023",11
"4026",11
"4027",15
"4030",12
"4033",17
"4034",15
"4035",14
"4038",16
"4041",11
"4042",14
"4044",14
"4046",15
"4047",11
"4048",13
"4049",15
"4054",12
"4055",15
"4056",14
"4062",22
"4064",13
"4069",15
"4072",16
"4078",9
"4082",2
"4084",11
"4086",16
"4089",6
"4091",13
"4096",8
"4099",11
"4102",13
"4103",10
"4107",15
"4108",15
"4109",10
"4110",13
"4111",19
"4112",11
"4113",13
"4115",18
"4117",14
"4118",18
"4119",16
"4120",5
"4122",15
"4124",12
"4125",14
"4126",6
"4127",12
"4128",12
"4129",13
"4132",11
"4133",14
"4134",13
"4139",14
"4140",15
"4142",16
"4144",8
"4145",14
"4151",17
"4153",14
"4156",4
"4157",14
"4160",11
"4162",14
"4163",11
"4169",15
"4172",14
"4173",10
"4175",8
"4178",11
"4179",14
"4180",15
"4182",14
"4196",8
"4199",16
"4202",15
"4207",14
"4211",11
"4213",5
"4219",17
"4221",12
"4222",17
"4224",4
"4226",12
"4227",17
"4228",11
"4233",11
"4236",12
"4242",10
"4243",11
"4244",11
"4247",12
"4248",37
"4256",9
"4261",13
"4264",9
"4266",4
"4267",13
"4270",16
"4276",17
"4277",14
"4279",2
"4280",16
"4283",11
"4285",9
"4286",11
"4287",20
"4289",14
"4290",16
"4295",10
"4296",9
"4298",7
"4299",21
"4302",12
"4307",16
"4308",15
"4312",7
"4314",3
"4315",12
"4316",14
"4324",11
"4326",9
"4327",11
"4329",2
"4333",13
"4336",3
"4339",15
"4340",9
"4342",18
"4344",13
"4346",13
"4348",11
"4350",3
"4357",15
"4358",5
"4361",13
"4365",12
"4367",11
"4369",12
"4373",12
"4374",13
"4375",13
"4379",19
"4382",6
"4388",4
"4390",13
"4394",13
"4396",16
"4399",10
"4403",11
"4405",15
"4406",11
"4409",12
"4414",2
"4416",12
"4418",6
"4422",5
"4425",12
"4427",11
"4431",14
"4432",13
"4433",15
"4439",11
"4445",15
"4447",11
"4449",9
"4451",15
"4454",16
"4457",4
"4458",17
"4460",14
"4462",13
"4464",7
"4465",11
"4466",11
"4467",21
"4469",13
"4479",15
"4481",12
"4494",12
"4495",14
"4500",17
"4501",11
"4504",16
"4505",16
"4508",14
"4514",12
"4515",11
"4518",13
"4519",13
"4521",12
"4522",3
"4526",12
"4528",14
"4533",2
"4535",10
"4538",3
"4540",14
"4541",15
"4543",2
"4544",11
"4545",11
"4548",3
"4550",12
"4551",11
"4553",14
"4554",12
"4561",10
"4562",11
"4564",18
"4565",11
"4566",21
"4567",14
"4568",17
"4569",13
"4573",12
"4577",13
"4579",19
"4582",13
"4583",16
"4584",12
"4585",12
"4586",11
"4590",13
"4592",2
"4593",11
"4594",11
"4596",4
"4600",11
"4602",13
"4603",2
"4607",13
"4608",13
"4610",3
"4611",12
"4612",11
"4623",11
"4628",14
"4629",14
"4630",6
"4631",18
"4632",13
"4635",11
"4639",6
"4640",6
"4642",11
"4643",21
"4645",13
"4647",14
"4648",15
"4649",30
"4654",12
"4655",12
"4656",2
"4658",16
"4662",6
"4665",12
"4667",12
"4668",12
"4671",10
"4673",15
"4674",12
"4675",14
"4681",13
"4682",14
"4684",13
"4686",14
"4688",15
"4689",16
"4691",13
"4692",15
"4693",14
"4694",17
"4695",15
"4696",16
"4697",14
"4700",12
"4703",16
"4705",9
"4708",2
"4710",11
"4712",2
"4713",12
"4716",12
"4717",11
"4718",3
"4723",12
"4728",13
"4730",15
"4736",17
"4737",6
"4740",15
"4742",4
"4745",16
"4747",19
"4753",17
"4755",2
"4757",11
"4761",13
"4765",11
"4766",6
"4770",15
"4771",13
"4774",12
"4775",16
"4776",11
"4777",11
"4778",10
"4779",11
"4783",3
"4785",15
"4788",13
"4789",17
"4794",12
"4795",13
"4799",3
"4801",12
"4802",12
"4803",11
"4804",13
"4805",3
"4806",3
"4807",12
"4810",16
"4814",15
"4819",7
"4820",18
"4824",11
"4828",13
"4829",12
"4839",12
"4840",13
"4842",4
"4851",7
"4863",15
"4865",20
"4866",13
"4868",14
"4873",13
"4876",13
"4877",11
"4882",18
"4886",2
"4888",6
"4889",13
"4890",2
"4894",2
"4897",9
"4898",13
"4903",12
"4904",13
"4906",16
"4909",12
"4910",15
"4911",15
"4913",13
"4915",15
"4917",12
"4918",15
"4919",15
"4920",13
"4923",11
"4924",12
"4925",5
"4926",3
"4927",11
"4928",7
"4929",3
"4930",14
"4933",15
"4934",2
"4937",14
"4938",16
"4940",18
"4941",12
"4944",12
"4946",3
"4950",25
"4951",12
"4952",10
"4953",5
"4958",8
"4959",2
"4961",2
"4964",13
"4965",10
"4967",11
"4968",11
"4970",11
"4974",14
"4978",12
"4981",12
"4982",11
"4986",14
"4990",38
"4991",15
"4994",15
"4995",13
"4999",14
"5000",14
"5001",14
"5004",12
"5006",12
"5007",5
"5008",21
"5011",16
"5012",15
"5019",14
"5027",8
"5028",4
"5029",14
"5034",13
"5037",14
"5041",3
"5042",13
"5043",12
"5044",12
"5049",12
"5050",14
"5052",4
"5053",15
"5055",11
"5058",12
"5059",11
"5060",4
"5061",2
"5063",13
"5065",16
"5066",3
"5068",16
"5075",11
"5079",13
"5080",7
"5081",10
"5082",18
"5084",11
"5085",12
"5086",12
"5093",6
"5095",14
"5098",5
"5103",14
"5104",11
"5110",15
"5115",13
"5117",12
"5118",12
"5119",14
"5122",11
"5128",11
"5130",3
"5131",11
"5132",17
"5134",10
"5141",12
"5142",5
"5146",14
"5151",12
"5155",11
"5156",12
"5161",19
"5165",7
"5181",6
"5182",11
"5184",14
"5186",14
"5190",6
"5192",11
"5194",13
"5197",12
"5198",13
"5201",15
"5203",11
"5204",22
"5206",13
"5208",11
"5210",13
"5212",11
"5214",15
"5215",15
"5216",12
"5226",16
"5227",3
"5229",13
"5230",11
"5232",12
"5233",8
"5235",3
"5237",3
"5240",12
"5241",14
"5242",14
"5243",11
"5247",6
"5248",4
"5249",11
"5252",15
"5257",12
"5258",7
"5261",9
"5263",2
"5265",13
"5268",2
"5271",11
"5274",4
"5278",3
"5279",14
"5280",12
"5281",12
"5286",13
"5291",7
"5293",12
"5295",11
"5296",6
"5299",20
"5301",12
"5306",13
"5308",10
"5310",16
"5312",12
"5318",2
"5319",4
"5320",14
"5322",6
"5324",2
"5328",6
"5334",2
"5335",14
"5342",12
"5343",7
"5346",12
"5348",10
"5349",15
"5354",3
"5358",12
"5363",17
"5365",12
"5366",4
"5367",12
"5372",13
"5375",16
"5378",14
"5383",14
"5391",17
"5393",3
"5397",11
"5402",14
"5403",11
"5405",9
"5406",15
"5407",11
"5408",3
"5409",12
"5410",13
"5411",12
"5412",12
"5417",19
"5418",2
"5420",3
"5421",13
"5422",13
"5424",12
"5426",15
"5428",13
"5431",17
"5432",12
"5437",12
"5438",12
"5439",2
"5441",6
"5443",15
"5445",13
"5454",12
"5457",2
"5460",17
"5464",11
"5465",11
"5466",2
"5470",14
"5471",15
"5472",11
"5477",11
"5478",11
"5479",13
"5481",14
"5482",12
"5483",14
"5486",12
"5489",15
"5490",15
"5495",12
"5496",12
"5497",12
"5498",11
"5499",15
"5502",12
"5503",13
"5508",13
"5509",11
"5510",12
"5513",5
"5520",13
"5521",11
"5523",15
"5526",11
"5531",10
"5537",6
"5539",3
"5540",2
"5541",10
"5542",11
"5544",3
"5545",12
"5548",3
"5549",3
"5552",2
"5554",12
"5555",12
"5557",14
"5559",2
"5564",14
"5570",2
"5574",11
"5575",13
"5578",2
"5581",11
"5585",4
"5587",15
"5588",15
"5589",6
"5590",11
"5593",11
"5595",17
"5596",14
"5600",3
"5602",3
"5603",14
"5606",11
"5609",12
"5610",15
"5611",15
"5614",11
"5616",14
"5618",13
"5619",12
"5621",12
"5623",15
"5626",11
"5627",12
"5628",11
"5629",13
"5630",16
"5634",14
"5635",11
"5636",10
"5640",14
"5642",6
"5643",13
"5644",17
"5646",2
"5647",2
"5653",12
"5656",12
"5658",14
"5659",13
"5661",13
"5662",12
"5664",13
"5667",13
"5670",4
"5671",12
"5672",30
"5675",4
"5676",14
"5677",12
"5678",2
"5681",2
"5685",5
"5690",15
"5695",11
"5699",3
"5700",12
"5701",14
"5702",13
"5705",15
"5706",2
"5709",11
"5712",6
"5717",5
"5720",11
"5723",15
"5724",11
"5727",12
"5729",12
"5731",13
"5732",9
"5733",10
"5734",10
"5738",14
"5742",10
"5749",11
"5754",4
"5756",6
"5760",2
"5762",13
"5765",11
"5766",12
"5769",12
"5772",12
"5773",11
"5774",22
"5775",2
"5776",11
"5778",12
"5780",12
"5782",12
"5784",12
"5788",11
"5793",11
"5796",46
"5798",3
"5800",13
"5805",15
"5808",11
"5809",11
"5816",14
"5823",13
"5824",14
"5827",11
"5829",15
"5830",3
"5836",5
"5837",13
"5840",12
"5841",11
"5845",11
"5846",13
"5849",12
"5853",11
"5854",10
"5855",2
"5857",15
"5859",2
"5860",11
"5865",2
"5866",17
"5868",10
"5869",13
"5872",11
"5873",12
"5874",13
"5875",11
"5877",11
"5882",13
"5886",15
"5890",15
"5892",12
"5894",2
"5897",3
"5901",13
"5902",10
"5905",13
"5906",13
"5907",4
"5909",2
"5913",10
"5915",3
"5916",15
"5917",8
"5920",10
"5921",8
"5923",8
"5924",3
"5926",14
"5929",11
"5930",14
"5931",3
"5936",3
"5940",10
"5947",12
"5948",12
"5953",14
"5954",11
"5956",14
"5957",16
"5958",13
"5960",14
"5965",11
"5966",14
"5967",11
"5969",11
"5970",12
"5973",5
"5975",12
"5976",15
"5981",5
"5983",16
"5984",12
"5985",14
"5988",12
"6002",11
"6008",12
"6011",11
"6013",3
"6014",13
"6017",12
"6019",11
"6022",13
"6025",2
"6026",16
"6027",14
"6030",13
"6031",11
"6032",13
"6033",13
"6034",11
"6036",13
"6042",12
"6044",12
"6048",11
"6050",13
"6051",14
"6052",11
"6053",12
"6055",14
"6058",14
"6064",13
"6065",11
"6067",11
"6077",3
"6078",5
"6079",11
"6082",5
"6083",11
"6086",13
"6088",12
"6091",3
"6092",3
"6097",17
"6103",4
"6104",11
"6105",13
"6106",13
"6107",15
"6108",2
"6111",15
"6112",2
"6113",12
"6115",17
"6116",11
"6118",14
"6119",12
"6124",11
"6125",11
"6126",11
"6133",11
"6134",11
"6135",3
"6136",6
"6137",13
"6138",6
"6142",11
"6143",11
"6145",3
"6147",12
"6151",13
"6152",11
"6154",15
"6159",13
"6160",12
"6162",15
"6165",16
"6169",13
"6170",3
"6171",13
"6172",12
"6173",14
"6175",16
"6178",11
"6183",11
"6184",4
"6185",3
"6186",12
"6188",12
"6189",11
"6191",12
"6199",9
"6200",15
"6201",15
"6203",14
"6207",13
"6210",16
"6211",2
"6212",2
"6216",7
"6219",3
"6220",3
"6221",11
"6223",14
"6226",6
"6227",11
"6228",11
"6229",11
"6232",11
"6234",6
"6237",12
"6238",3
"6242",11
"6244",3
"6247",2
"6248",11
"6251",2
"6256",13
"6257",6
"6258",11
"6260",2
"6261",11
"6267",12
"6268",11
"6271",15
"6273",2
"6280",12
"6283",13
"6284",12
"6285",5
"6286",18
"6288",2
"6290",12
"6291",13
"6296",13
"6298",13
"6300",11
"6305",13
"6308",11
"6314",11
"6317",15
"6318",10
"6319",57
"6325",5
"6327",11
"6329",13
"6332",6
"6334",11
"6335",11
"6338",14
"6340",12
"6341",12
"6342",13
"6343",13
"6344",11
"6346",10
"6347",13
"6350",2
"6353",13
"6354",14
"6355",11
"6360",16
"6361",12
"6365",11
"6372",13
"6379",9
"6382",11
"6386",12
"6407",12
"6410",11
"6412",12
"6413",12
"6416",5
"6417",13
"6418",11
"6420",13
"6423",13
"6425",10
"6426",6
"6428",13
"6429",2
"6431",11
"6432",12
"6434",11
"6435",11
"6436",11
"6437",13
"6438",12
"6443",13
"6446",9
"6450",6
"6453",17
"6460",11
"6463",10
"6464",11
"6465",14
"6469",14
"6470",12
"6471",2
"6477",11
"6478",11
"6479",14
"6484",3
"6486",2
"6487",2
"6488",11
"6490",3
"6495",2
"6502",11
"6507",13
"6508",8
"6510",13
"6512",15
"6513",11
"6514",13
"6515",17
"6517",12
"6524",2
"6525",11
"6526",15
"6531",11
"6532",2
"6533",12
"6537",13
"6538",16
"6540",13
"6543",3
"6545",12
"6550",12
"6557",11
"6559",11
"6560",13
"6562",10
"6563",12
"6565",12
"6569",12
"6571",6
"6572",11
"6574",11
"6578",12
"6580",11
"6581",3
"6582",11
"6584",12
"6586",10
"6587",14
"6589",12
"6597",12
"6598",13
"6600",13
"6601",12
"6603",3
"6611",35
"6615",3
"6616",2
"6617",11
"6621",11
"6622",5
"6625",13
"6628",13
"6629",13
"6636",11
"6640",7
"6642",11
"6643",2
"6645",16
"6646",6
"6651",12
"6652",14
"6653",15
"6654",13
"6656",12
"6657",15
"6659",3
"6660",16
"6662",2
"6663",12
"6664",3
"6671",10
"6672",46
"6673",11
"6674",14
"6675",11
"6676",3
"6677",11
"6683",10
"6689",12
"6691",10
"6692",13
"6693",12
"6694",11
"6695",4
"6700",15
"6705",4
"6706",13
"6707",13
"6708",10
"6710",15
"6711",3
"6714",2
"6716",13
"6720",12
"6724",14
"6725",16
"6728",13
"6730",11
"6731",4
"6733",11
"6735",11
"6736",11
"6739",12
"6740",11
"6742",6
"6744",12
"6747",13
"6755",11
"6760",2
"6761",5
"6764",2
"6769",2
"6770",3
"6771",4
"6772",2
"6773",13
"6774",2
"6775",16
"6781",6
"6787",13
"6792",11
"6793",11
"6795",12
"6801",13
"6802",10
"6804",11
"6805",3
"6806",7
"6807",10
"6812",16
"6814",11
"6818",4
"6819",8
"6830",9
"6833",10
"6836",6
"6840",15
"6841",3
"6842",14
"6845",13
"6849",12
"6851",2
"6852",8
"6855",11
"6858",10
"6863",12
"6864",5
"6866",13
"6870",12
"6871",11
"6873",2
"6874",14
"6876",4
"6886",11
"6887",14
"6889",12
"6892",11
"6895",12
"6898",2
"6899",12
"6903",14
"6907",4
"6908",11
"6916",11
"6918",11
"6919",13
"6922",3
"6924",14
"6928",13
"6929",13
"6930",3
"6932",12
"6933",10
"6937",12
"6944",12
"6945",11
"6947",12
"6952",11
"6953",11
"6954",3
"6955",11
"6956",11
"6957",11
"6958",13
"6960",12
"6964",12
"6966",11
"6969",11
"6970",11
"6975",11
"6981",11
"6983",11
"6984",2
"6987",12
"6988",11
"6992",4
"6994",12
"6996",4
"6998",12
"7001",12
"7005",3
"7008",4
"7010",2
"7012",11
"7024",12
"7025",5
"7027",13
"7030",4
"7033",11
"7034",11
"7035",12
"7036",13
"7044",13
"7047",13
"7048",12
"7050",12
"7052",3
"7055",12
"7056",12
"7060",6
"7063",12
"7065",12
"7066",14
"7067",14
"7068",20
"7070",8
"7076",11
"7077",10
"7080",14
"7083",10
"7087",10
"7090",12
"7091",12
"7098",2
"7100",12
"7101",11
"7102",14
"7104",11
"7105",12
"7108",11
"7109",13
"7112",15
"7113",12
"7115",12
"7117",13
"7121",15
"7125",12
"7130",3
"7132",2
"7133",5
"7140",15
"7145",11
"7146",11
"7147",12
"7148",13
"7150",12
"7151",11
"7156",2
"7160",12
"7161",13
"7162",10
"7163",11
"7164",14
"7165",11
"7168",11
"7170",2
"7173",12
"7174",13
"7175",10
"7176",2
"7178",16
"7186",2
"7188",10
"7189",6
"7190",11
"7191",13
"7192",3
"7196",11
"7197",8
"7198",11
"7200",2
"7201",13
"7202",3
"7205",12
"7206",15
"7208",12
"7211",2
"7212",11
"7214",13
"7228",11
"7230",29
"7233",11
"7234",12
"7235",14
"7237",9
"7238",6
"7239",11
"7241",12
"7243",2
"7244",13
"7245",14
"7247",12
"7248",7
"7250",6
"7252",12
"7253",13
"7262",14
"7264",14
"7268",17
"7273",11
"7274",11
"7275",12
"7279",15
"7280",12
"7285",10
"7286",10
"7288",3
"7292",11
"7295",12
"7296",11
"7305",13
"7307",2
"7309",13
"7310",11
"7313",2
"7314",14
"7317",11
"7318",11
"7319",12
"7324",6
"7326",11
"7327",11
"7328",14
"7329",2
"7331",3
"7332",16
"7334",12
"7335",13
"7337",2
"7338",11
"7340",12
"7341",3
"7342",14
"7343",8
"7344",15
"7345",6
"7346",11
"7349",14
"7352",3
"7355",10
"7356",11
"7359",11
"7360",11
"7363",6
"7364",11
"7366",4
"7369",11
"7371",12
"7375",6
"7377",12
"7380",11
"7381",11
"7383",3
"7385",3
"7388",11
"7392",8
"7396",11
"7398",12
"7399",4
"7402",13
"7406",13
"7408",2
"7412",12
"7413",10
"7415",11
"7417",6
"7421",5
"7425",11
"7430",11
"7431",15
"7436",11
"7438",2
"7441",11
"7442",5
"7444",12
"7447",11
"7448",11
"7454",2
"7455",13
"7457",14
"7460",11
"7462",2
"7464",11
"7466",10
"7468",11
"7470",11
"7475",6
"7476",2
"7482",11
"7483",12
"7493",12
"7498",11
"7499",2
"7501",8
"7509",10
"7510",2
"7512",2
"7514",13
"7515",3
"7516",11
"7519",11
"7520",12
"7521",11
"7523",11
"7525",12
"7528",11
"7529",11
"7531",2
"7533",11
"7535",4
"7539",15
"7542",11
"7544",11
"7545",5
"7546",8
"7548",10
"7552",11
"7553",12
"7557",12
"7558",10
"7562",11
"7565",11
"7571",2
"7578",2
"7581",11
"7582",11
"7583",10
"7584",15
"7585",11
"7590",11
"7592",11
"7593",8
"7596",11
"7597",12
"7599",17
"7600",5
"7601",12
"7603",13
"7604",11
"7605",11
"7606",2
"7609",10
"7610",14
"7613",12
"7616",10
"7617",11
"7620",14
"7623",10
"7624",12
"7634",2
"7635",12
"7636",10
"7640",13
"7641",13
"7643",5
"7644",18
"7648",11
"7649",6
"7650",5
"7652",10
"7654",10
"7655",6
"7656",10
"7657",2
"7660",11
"7661",11
"7665",11
"7668",12
"7671",2
"7672",3
"7673",7
"7675",12
"7676",10
"7677",13
"7680",14
"7684",14
"7688",3
"7694",11
"7696",11
"7697",13
"7698",10
"7700",11
"7702",12
"7703",12
"7704",13
"7710",11
"7712",2
"7718",5
"7730",12
"7732",11
"7735",2
"7736",12
"7738",2
"7745",12
"7746",9
"7748",6
"7749",12
"7750",14
"7752",11
"7754",13
"7762",11
"7763",3
"7767",6
"7768",10
"7769",6
"7772",2
"7775",11
"7782",12
"7783",11
"7787",3
"7788",11
"7792",3
"7798",3
"7801",12
"7802",10
"7804",11
"7805",11
"7809",12
"7810",12
"7813",11
"7814",11
"7816",2
"7817",3
"7818",13
"7820",11
"7821",10
"7822",12
"7823",6
"7825",11
"7828",4
"7829",12
"7830",13
"7831",25
"7834",4
"7835",11
"7843",11
"7847",11
"7850",11
"7852",13
"7855",7
"7856",10
"7858",3
"7860",12
"7861",12
"7862",11
"7863",12
"7868",11
"7875",11
"7876",11
"7877",11
"7879",2
"7880",11
"7881",6
"7883",10
"7884",2
"7887",11
"7889",12
"7892",3
"7893",2
"7894",2
"7899",2
"7900",2
"7903",6
"7906",11
"7909",2
"7911",11
"7913",11
"7914",11
"7915",11
"7920",11
"7923",11
"7924",3
"7927",14
"7928",2
"7929",12
"7930",11
"7932",2
"7937",3
"7938",11
"7940",11
"7941",12
"7942",3
"7944",11
"7949",5
"7955",12
"7956",13
"7959",11
"7960",11
"7962",12
"7965",12
"7967",12
"7973",11
"7975",11
"7976",2
"7977",10
"7981",12
"7983",13
"7986",11
"7988",11
"7989",11
"7990",6
"7991",11
"7994",13
"7997",2
"8003",11
"8004",10
"8005",11
"8009",7
"8011",10
"8012",5
"8013",2
"8015",12
"8016",2
"8018",11
"8021",12
"8022",5
"8024",10
"8027",11
"8028",2
"8029",11
"8033",2
"8034",11
"8039",11
"8040",2
"8041",12
"8044",13
"8045",6
"8046",2
"8047",11
"8049",11
"8051",10
"8052",2
"8058",3
"8061",12
"8063",10
"8069",11
"8073",2
"8077",11
"8080",3
"8087",11
"8089",10
"8096",11
"8099",18
"8100",12
"8104",11
"8105",11
"8106",11
"8107",3
"8110",11
"8112",11
"8113",12
"8118",11
"8122",11
"8127",12
"8128",12
"8129",12
"8131",6
"8133",8
"8135",11
"8137",11
"8139",14
"8140",11
"8142",13
"8145",11
"8150",2
"8151",11
"8156",11
"8158",2
"8159",11
"8169",11
"8170",2
"8171",11
"8172",13
"8173",11
"8177",6
"8178",11
"8179",12
"8180",2
"8182",3
"8190",4
"8193",11
"8210",14
"8217",9
"8222",11
"8224",2
"8228",2
"8230",2
"8231",11
"8234",11
"8237",6
"8238",2
"8241",11
"8246",2
"8248",11
"8250",11
"8251",2
"8252",6
"8253",13
"8256",12
"8257",10
"8258",11
"8261",12
"8263",11
"8267",11
"8268",11
"8269",13
"8272",11
"8273",2
"8275",2
"8276",7
"8277",11
"8280",21
"8281",11
"8283",2
"8285",12
"8286",7
"8288",11
"8289",2
"8296",2
"8298",4
"8306",6
"8307",11
"8308",13
"8311",11
"8312",2
"8313",12
"8317",2
"8318",10
"8319",12
"8321",12
"8324",2
"8326",5
"8327",10
"8330",11
"8331",26
"8332",11
"8335",11
"8338",11
"8340",11
"8341",12
"8342",11
"8343",10
"8345",2
"8349",11
"8350",11
"8352",2
"8357",2
"8359",12
"8362",6
"8366",2
"8367",12
"8368",11
"8370",11
"8374",3
"8377",10
"8380",6
"8381",2
"8382",3
"8383",11
"8384",2
"8386",12
"8387",11
"8389",11
"8390",12
"8393",11
"8395",11
"8396",12
"8397",13
"8400",2
"8401",11
"8403",12
"8408",11
"8411",12
"8412",11
"8416",11
"8418",11
"8419",11
"8420",10
"8422",12
"8423",11
"8424",12
"8427",13
"8429",12
"8430",11
"8431",11
"8432",2
"8433",11
"8435",12
"8437",12
"8438",11
"8440",11
"8442",11
"8446",15
"8447",12
"8449",6
"8450",11
"8455",10
"8456",6
"8457",11
"8458",10
"8464",2
"8465",11
"8466",11
"8469",10
"8470",10
"8472",11
"8475",10
"8477",6
"8478",12
"8484",11
"8485",11
"8486",11
"8488",11
"8489",11
"8491",6
"8492",11
"8493",6
"8494",10
"8495",6
"8502",11
"8503",12
"8508",11
"8511",2
"8513",11
"8519",11
"8525",11
"8526",11
"8527",12
"8528",2
"8529",11
"8530",2
"8531",11
"8532",11
"8534",5
"8536",11
"8539",11
"8541",12
"8542",11
"8543",11
"8545",11
"8548",11
"8549",10
"8555",12
"8556",11
"8558",11
"8563",2
"8564",11
"8567",12
"8568",10
"8570",11
"8574",11
"8577",6
"8579",11
"8583",11
"8585",10
"8586",11
"8587",3
"8588",12
"8589",10
"8590",10
"8595",6
"8596",6
"8597",11
"8599",10
"8602",11
"8605",11
"8610",11
"8611",11
"8612",6
"8616",11
"8617",11
"8618",12
"8625",2
"8629",11
"8631",12
"8632",2
"8639",11
"8641",10
"8642",12
"8643",11
"8644",2
"8645",2
"8646",11
"8648",11
"8649",11
"8650",11
"8651",11
"8652",11
"8653",2
"8655",11
"8656",2
"8658",11
"8661",3
"8662",11
"8665",12
"8666",11
"8677",12
"8678",11
"8679",5
"8682",2
"8684",11
"8686",10
"8688",11
"8691",11
"8693",11
"8696",10
"8698",2
"8699",11
"8702",11
"8706",11
"8709",11
"8710",11
"8712",11
"8714",11
"8716",11
"8717",10
"8719",10
"8722",11
"8725",11
"8726",4
"8727",3
"8728",2
"8735",11
"8739",11
"8740",2
"8742",11
"8749",11
"8752",11
"8754",11
"8757",11
"8760",11
"8763",2
"8764",6
"8765",2
"8771",6
"8773",11
"8774",11
"8775",10
"8777",10
"8778",11
"8781",11
"8785",2
"8786",11
"8790",6
"8793",6
"8794",10
"8800",11
"8801",11
"8803",2
"8804",11
"8807",11
"8811",11
"8812",11
"8815",34
"8817",5
"8819",11
"8820",6
"8823",2
"8824",2
"8827",2
"8828",11
"8830",10
"8831",11
"8836",2
"8837",6
"8843",4
"8844",11
"2",1
"7",19
"8",7
"310",3
"1517",11
"3082",5
"3084",15
"3326",1
"3472",3
"3094",6
"269",7
"761",8
"1465",16
"2648",6
"2649",5
"3151",5
"3460",4
"1066",30
"2252",3
"2257",9
"3324",5
"3325",7
"1009",8
"3330",9
"3331",4
"731",4
"748",3
"807",2
"808",14
"810",14
"811",13
"813",14
"15",1
"16",12
"17",7
"18",1
"20",16
"708",6
"1276",9
"1482",11
"1590",13
"1632",3
"2885",4
"3334",9
"3335",3
"3336",3
"765",3
"767",2
"768",7
"770",1
"1366",2
"1368",6
"1369",10
"1370",5
"1371",5
"1344",13
"1655",11
"1798",9
"2626",3
"3339",4
"3340",5
"3341",3
"24",12
"25",8
"26",4
"27",1
"29",1
"30",9
"1240",15
"2305",6
"2826",5
"3348",11
"3349",7
"295",6
"2243",5
"2400",7
"3344",1
"3346",2
"3347",2
"361",7
"1755",6
"1902",11
"2672",7
"4043",3
"4413",2
"35",4
"39",3
"40",4
"41",1
"42",1
"84",3
"133",7
"283",12
"1800",3
"2031",6
"3278",5
"3360",9
"3362",2
"1557",5
"1669",4
"1725",3
"3351",1
"3352",6
"7717",1
"389",73
"998",7
"2451",6
"620",8
"864",14
"1780",9
"3353",1
"3354",1
"3355",3
"3356",6
"3357",9
"44",8
"46",5
"49",9
"51",1
"52",7
"652",7
"3364",1
"3365",4
"3367",6
"2323",13
"3369",1
"3371",5
"485",19
"990",3
"1036",9
"1435",11
"1471",7
"2180",7
"2237",3
"340",8
"937",6
"3373",1
"3375",1
"3376",5
"3377",12
"54",12
"58",9
"59",7
"60",5
"61",5
"62",3
"1262",9
"2922",9
"3379",9
"469",8
"2169",3
"3385",1
"3386",1
"3387",1
"3388",2
"186",12
"302",12
"1508",3
"2994",7
"3380",6
"3381",1
"1274",3
"2288",4
"3382",1
"3384",4
"66",1
"67",9
"69",5
"70",6
"72",3
"73",1
"74",1
"1524",8
"3420",4
"3421",1
"2476",12
"4070",2
"6626",2
"6820",1
"6821",1
"6822",1
"2873",5
"3405",1
"3406",1
"3408",1
"3409",5
"3410",1
"1706",11
"1722",2
"2582",11
"3423",3
"3424",1
"3425",2
"3426",2
"3427",3
"3428",3
"79",2
"81",8
"86",4
"2758",6
"3395",6
"3396",3
"3397",1
"3399",1
"785",7
"1224",12
"1361",4
"1612",4
"1704",1
"1705",3
"1710",1
"1802",7
"1927",13
"3389",15
"3391",7
"88",6
"91",3
"98",2
"1997",3
"3400",1
"3402",8
"3403",1
"560",10
"1033",6
"1472",12
"1711",3
"3419",6
"1629",6
"2345",2
"2346",9
"2347",2
"1631",10
"468",4
"2682",2
"3443",1
"1681",22
"2997",5
"100",1
"102",2
"451",2
"827",11
"1111",6
"1766",12
"2401",8
"2639",9
"3436",6
"424",11
"1214",6
"3474",20
"729",2
"737",30
"3438",4
"3439",7
"3440",5
"3441",6
"2861",14
"2875",3
"3120",4
"3430",6
"3431",1
"640",18
"2736",17
"3218",3
"3432",1
"3433",4
"3434",9
"714",12
"1218",4
"3461",1
"1910",14
"1924",4
"2306",7
"3445",5
"3446",7
"3447",4
"3448",7
"3449",2
"1919",5
"3168",15
"3456",3
"3457",4
"3458",2
"111",8
"113",6
"115",3
"117",5
"119",7
"1043",7
"1049",13
"1050",18
"1535",6
"2404",3
"2405",4
"2406",1
"924",10
"1211",19
"2744",10
"2745",5
"2746",2
"3317",8
"3450",1
"3454",1
"181",7
"307",5
"911",5
"963",7
"1649",10
"1714",5
"2627",9
"3231",4
"3315",5
"426",5
"923",3
"1301",3
"1302",7
"1303",12
"1304",2
"124",1
"126",10
"127",2
"128",10
"129",7
"130",4
"131",5
"486",13
"538",9
"701",2
"1129",5
"1130",4
"1131",7
"1132",3
"1134",14
"1135",10
"2030",4
"3464",4
"3465",7
"3466",4
"3467",2
"3469",1
"3470",6
"136",14
"137",9
"138",1
"140",5
"141",3
"144",4
"1114",9
"3110",3
"3571",6
"5515",3
"2788",6
"3654",2
"4880",5
"146",4
"148",13
"149",8
"152",1
"933",2
"3475",4
"3477",2
"553",2
"554",8
"555",4
"556",1
"561",6
"194",12
"238",5
"548",13
"573",12
"2202",6
"3497",4
"3498",9
"2519",10
"3481",1
"3482",6
"3483",2
"3484",1
"3485",11
"2694",7
"2705",13
"3491",4
"678",12
"1770",10
"3479",1
"3480",3
"157",4
"158",1
"161",15
"162",5
"163",1
"165",1
"939",4
"3669",2
"167",12
"168",2
"169",1
"170",9
"171",1
"173",1
"174",2
"175",4
"873",3
"3493",5
"3494",1
"177",1
"178",1
"179",1
"182",1
"184",1
"2368",20
"2370",4
"1258",8
"2990",5
"3033",3
"3149",6
"3500",2
"3501",3
"1650",15
"2047",6
"6552",6
"7114",3
"188",19
"189",5
"190",16
"192",1
"193",11
"280",16
"406",10
"744",21
"1833",7
"3502",3
"3503",8
"3504",6
"1687",2
"2506",3
"3171",23
"3540",3
"3541",2
"3542",4
"3282",4
"3514",1
"3517",1
"199",4
"200",1
"201",1
"2941",6
"2956",4
"3505",4
"3506",4
"3508",6
"853",11
"1019",22
"672",15
"1441",23
"1466",11
"2477",3
"2780",8
"2871",8
"1255",8
"3318",10
"3522",1
"3523",1
"3524",1
"3525",1
"3526",5
"3527",2
"3528",1
"1929",12
"3510",1
"3511",2
"1693",9
"2185",12
"3543",8
"3545",8
"3546",10
"3547",6
"1026",9
"1037",8
"3529",7
"3530",6
"3531",3
"3532",2
"3533",3
"210",4
"213",3
"214",3
"217",1
"3534",1
"2125",3
"3321",2
"3536",5
"3537",3
"3539",6
"5311",4
"2462",2
"3561",2
"3562",9
"492",7
"1153",4
"2332",11
"4453",9
"4455",2
"4456",6
"1000",5
"3549",5
"3550",11
"3553",1
"1110",7
"1227",1
"1228",2
"395",22
"858",7
"868",5
"3554",1
"3555",8
"3556",10
"3557",4
"3857",5
"313",11
"2473",1
"2474",1
"2475",3
"8743",1
"575",1
"576",13
"577",1
"578",1
"232",2
"235",10
"236",2
"237",1
"239",4
"3569",1
"3559",9
"2456",9
"3572",1
"3573",3
"3575",7
"242",3
"244",13
"246",3
"247",5
"248",6
"251",1
"3773",16
"2794",4
"3053",6
"4229",6
"6734",1
"474",5
"3576",1
"3577",2
"3578",4
"253",4
"259",4
"260",5
"625",11
"2187",10
"3579",1
"1001",13
"3580",3
"3581",2
"3582",6
"3584",1
"525",6
"1003",7
"1004",4
"1792",4
"2601",6
"3586",2
"3587",6
"3588",17
"3589",2
"3590",2
"3591",1
"262",1
"263",4
"265",8
"343",18
"398",4
"690",7
"1446",6
"1530",6
"3595",3
"3596",2
"598",3
"3641",1
"1203",2
"3305",7
"3598",1
"3599",1
"3600",1
"3602",1
"916",16
"2774",3
"3603",4
"3605",6
"3606",4
"1726",4
"3685",7
"4660",6
"2171",1
"2173",4
"2174",12
"2175",11
"2176",4
"2177",3
"1297",45
"3608",5
"2328",13
"287",16
"1104",8
"3612",1
"3614",4
"3616",2
"3617",7
"346",7
"1606",15
"2679",3
"2680",5
"679",3
"648",12
"2337",5
"3621",8
"285",4
"286",11
"288",10
"289",8
"1476",14
"1485",4
"2253",8
"2255",8
"3624",3
"1646",16
"3314",5
"3627",2
"3628",5
"293",5
"294",1
"298",3
"563",9
"564",2
"565",8
"567",2
"568",3
"569",6
"570",4
"572",2
"3629",3
"3630",2
"3632",3
"3633",6
"3634",8
"3635",11
"3638",5
"3639",7
"2061",2
"2062",6
"301",1
"3643",12
"1527",7
"1860",4
"2041",2
"2810",11
"3642",3
"3651",2
"3652",3
"3653",3
"309",1
"312",4
"314",13
"315",3
"316",17
"1559",9
"3646",9
"3647",2
"1713",2
"6568",3
"7336",7
"8637",1
"8638",1
"8640",1
"320",8
"321",7
"322",3
"323",6
"324",9
"327",5
"3644",6
"3645",2
"1027",23
"1164",20
"2669",6
"3650",3
"1987",14
"3838",2
"1913",12
"2641",6
"3144",5
"3648",1
"3649",9
"329",7
"330",8
"331",1
"332",1
"333",2
"334",1
"335",1
"337",1
"3220",4
"3655",12
"1601",6
"342",6
"344",6
"345",2
"347",1
"1064",6
"3968",19
"4372",7
"6358",5
"7811",2
"669",4
"352",1
"359",5
"360",1
"3687",1
"980",2
"2951",2
"3660",1
"1619",3
"1683",7
"2730",1
"2731",3
"2732",8
"539",10
"1137",4
"1550",4
"3666",1
"3668",4
"3673",1
"3674",3
"3676",4
"363",11
"364",5
"366",1
"367",3
"369",3
"371",2
"372",3
"633",14
"1154",2
"2284",5
"3010",4
"3697",1
"3698",2
"3670",3
"712",8
"1118",10
"2338",2
"2876",7
"3671",3
"3672",1
"375",10
"379",5
"380",2
"3295",4
"3689",8
"3690",7
"3691",5
"3692",5
"3693",1
"825",19
"1079",5
"2953",2
"3677",1
"1699",4
"1847",5
"3680",4
"3681",2
"3682",7
"3683",3
"3686",1
"1861",13
"3703",2
"3704",5
"1881",7
"3720",6
"660",19
"2361",12
"3702",3
"1939",14
"2190",4
"3709",5
"3713",5
"400",16
"1694",6
"5842",1
"5843",7
"5844",4
"1298",14
"1098",8
"1259",7
"3754",1
"3755",2
"2297",20
"3705",1
"3706",2
"3707",4
"3708",9
"396",5
"397",3
"399",3
"1431",14
"1961",6
"2837",3
"3723",2
"404",1
"405",4
"409",1
"3714",3
"3716",5
"3717",1
"464",6
"870",6
"2179",6
"4520",4
"412",1
"413",6
"414",10
"3736",1
"3737",3
"3738",3
"2163",10
"2501",3
"3724",1
"3725",1
"3726",1
"3729",3
"3730",8
"3731",2
"3732",11
"3744",1
"3739",6
"421",5
"422",2
"423",2
"425",1
"427",3
"429",1
"3750",2
"3752",3
"2096",8
"3745",5
"3747",9
"433",2
"435",2
"436",5
"438",3
"439",2
"3159",8
"3757",16
"3758",7
"2133",4
"2247",13
"3762",3
"3763",1
"3764",5
"3765",4
"3766",7
"3767",6
"442",1
"446",1
"447",5
"448",1
"2901",8
"3768",1
"3770",2
"3771",2
"3772",1
"1422",5
"1536",1
"1537",9
"1538",7
"1539",9
"1540",4
"1016",5
"1017",3
"1411",1
"1413",1
"1415",3
"1416",1
"4473",9
"6901",3
"7092",3
"7093",1
"452",8
"454",1
"455",9
"456",4
"457",3
"3920",2
"1221",6
"1588",11
"3055",2
"3132",3
"3774",10
"3775",10
"2360",9
"3786",9
"1479",6
"1692",12
"5707",7
"462",11
"463",1
"465",1
"1673",16
"1478",19
"2282",6
"3777",1
"3778",4
"472",5
"479",2
"480",3
"2966",4
"3779",8
"3780",5
"3782",1
"3783",3
"1059",4
"2700",4
"3246",9
"3806",6
"3807",4
"3157",6
"3788",4
"3789",3
"3995",4
"7127",3
"653",9
"1868",9
"2222",8
"2529",4
"3791",1
"3792",4
"3793",3
"482",1
"483",2
"487",2
"488",1
"489",4
"2196",5
"4506",8
"6129",1
"6130",3
"6131",1
"6132",2
"493",2
"495",5
"496",2
"497",5
"499",6
"718",10
"2087",9
"2265",7
"3794",2
"3796",1
"3797",4
"3798",3
"3936",1
"1188",7
"2279",10
"3799",7
"3800",3
"3802",5
"3803",14
"501",12
"502",10
"504",4
"505",12
"506",10
"510",7
"1891",11
"2289",10
"3804",5
"551",14
"2295",5
"2563",6
"2564",8
"3263",3
"3310",4
"3925",1
"3926",9
"3928",8
"3929",4
"680",6
"2363",10
"2706",5
"3931",2
"3932",1
"3933",5
"3934",1
"3935",4
"512",1
"513",4
"515",6
"516",2
"517",1
"519",8
"2162",3
"3811",4
"3813",1
"3815",3
"2734",8
"526",4
"2069",5
"3824",5
"3825",2
"3826",7
"3827",1
"921",10
"3828",2
"3819",1
"3821",1
"3823",1
"3834",1
"3835",5
"532",1
"534",7
"536",3
"537",1
"2168",10
"3830",3
"3831",3
"3832",10
"3833",2
"1080",6
"1963",6
"1055",11
"3843",8
"3846",3
"1737",5
"3848",2
"3849",1
"3850",6
"3851",2
"544",7
"545",10
"547",2
"552",1
"3839",4
"3840",2
"3841",4
"3842",5
"1225",10
"1246",6
"4624",4
"5251",12
"5648",4
"891",11
"1024",3
"1863",7
"5429",8
"5475",4
"6500",3
"6501",1
"3158",3
"3855",1
"3856",5
"1985",7
"2739",6
"3852",8
"3853",6
"616",10
"1867",5
"3859",1
"2621",9
"3288",2
"3861",5
"762",6
"2897",14
"3863",6
"3864",7
"2935",7
"3865",4
"3866",2
"3867",1
"3870",1
"1971",7
"2000",2
"2214",11
"586",2
"587",7
"588",1
"596",4
"1010",7
"2464",6
"3875",3
"955",25
"3877",5
"3879",2
"1046",10
"3881",2
"3882",3
"3028",3
"3884",1
"855",4
"2259",2
"2260",3
"2261",1
"1172",2
"3885",3
"3886",5
"3887",1
"593",1
"594",8
"595",1
"600",1
"601",7
"3299",4
"3888",10
"3889",6
"3908",2
"603",4
"604",5
"605",5
"607",1
"608",2
"611",5
"3895",1
"3896",1
"3897",1
"3898",1
"3899",1
"3900",1
"3901",1
"3902",1
"3903",1
"3892",4
"3894",1
"3945",5
"5207",6
"5620",12
"5691",7
"6062",10
"613",4
"617",1
"619",15
"2155",18
"3904",4
"3907",2
"636",8
"1139",12
"1811",2
"1813",3
"1814",6
"1018",12
"624",2
"627",7
"630",1
"1275",8
"3909",1
"3912",3
"1025",7
"1934",3
"3918",12
"3919",5
"1950",3
"3915",1
"3916",7
"3917",1
"4057",19
"634",5
"635",6
"637",1
"639",2
"1657",5
"3921",2
"3922",1
"3924",1
"644",1
"645",3
"647",4
"649",3
"650",2
"651",3
"654",5
"662",4
"663",1
"664",1
"3941",1
"3942",1
"3943",1
"3944",1
"1436",13
"3294",7
"2362",15
"5994",3
"5995",2
"5996",3
"3946",7
"3947",1
"3949",1
"3950",1
"1923",4
"3958",1
"666",4
"668",10
"671",2
"3052",3
"3054",1
"3057",1
"1087",5
"4651",13
"6655",4
"674",10
"677",3
"1071",6
"3959",1
"3960",3
"3961",2
"3962",1
"3963",1
"3964",4
"3951",9
"3952",1
"3954",2
"3955",2
"683",1
"684",1
"685",10
"2275",8
"3973",1
"3974",1
"2424",4
"2991",6
"3007",5
"1533",2
"1534",3
"956",11
"919",21
"3967",1
"3969",2
"696",7
"699",8
"3977",1
"3978",1
"3979",1
"3980",1
"3981",1
"3982",4
"3983",1
"3984",1
"3985",1
"3986",1
"3987",3
"1090",4
"1140",5
"1484",13
"3075",7
"3076",2
"725",4
"1340",14
"1602",4
"3990",3
"3991",3
"703",7
"705",7
"706",10
"707",1
"1716",5
"2080",1
"2081",2
"2083",4
"2085",1
"2086",1
"1207",3
"711",1
"713",3
"715",3
"717",3
"3236",5
"4019",1
"4021",1
"721",1
"722",2
"723",7
"726",2
"727",1
"728",1
"3996",3
"2796",2
"4206",5
"4006",2
"4007",1
"2632",13
"3999",3
"3319",8
"4008",11
"4024",11
"4025",3
"4028",6
"4011",4
"741",2
"743",8
"2995",7
"4273",8
"5105",4
"6356",3
"6815",3
"2049",4
"2803",2
"4012",2
"4014",3
"822",2
"2573",20
"3009",4
"4016",1
"750",2
"752",3
"753",2
"755",2
"758",1
"760",1
"763",3
"1419",6
"2939",7
"3098",3
"4022",6
"1223",7
"8681",1
"2104",6
"1155",5
"1954",6
"2555",5
"2854",8
"3160",9
"3161",3
"986",17
"4031",4
"4032",5
"1162",3
"4029",10
"775",4
"776",4
"777",7
"778",8
"780",5
"781",1
"783",4
"1047",5
"4040",6
"2450",6
"4036",2
"4037",2
"4039",2
"788",2
"789",5
"791",7
"792",3
"793",3
"795",2
"883",3
"4045",3
"1855",6
"798",1
"803",5
"805",1
"806",1
"4066",4
"4067",4
"4068",7
"3136",2
"3267",2
"4052",2
"4053",2
"4074",2
"4058",1
"1103",2
"4050",4
"4051",2
"907",2
"4061",1
"4063",4
"4065",1
"1578",9
"4059",3
"4060",2
"816",11
"817",1
"820",1
"2708",14
"3014",7
"4071",1
"1581",2
"5519",5
"5922",2
"7586",4
"2217",3
"2538",4
"4073",9
"829",5
"830",10
"832",1
"4237",15
"834",6
"836",1
"837",4
"839",6
"4101",1
"1986",2
"2227",9
"3023",11
"4098",3
"4100",6
"4075",7
"4076",4
"4077",1
"4079",1
"4080",3
"4081",5
"4083",1
"1639",4
"1712",1
"1717",3
"2115",5
"4085",2
"3060",6
"845",1
"846",7
"847",6
"849",2
"851",1
"4087",2
"4088",3
"4090",1
"4092",11
"4093",1
"859",3
"863",7
"1994",6
"2921",8
"4094",1
"4095",2
"4097",1
"2846",4
"4114",3
"866",1
"867",5
"869",4
"871",4
"875",1
"1241",3
"2324",9
"4121",2
"1234",5
"2532",3
"4104",2
"4105",3
"4106",6
"877",4
"878",5
"879",2
"880",1
"881",1
"884",2
"885",5
"886",1
"1796",4
"4116",2
"888",9
"889",5
"892",3
"895",8
"1583",9
"2366",17
"4123",1
"4143",2
"4146",1
"1318",4
"4141",1
"903",2
"904",1
"905",2
"1799",9
"1957",5
"4130",3
"4131",1
"2878",8
"4135",4
"4136",1
"4137",1
"4138",2
"1600",3
"1603",3
"1604",6
"1607",9
"982",6
"908",1
"909",1
"910",1
"1885",5
"3061",3
"914",4
"917",15
"918",3
"1169",5
"1851",3
"1852",8
"1853",14
"4147",7
"4148",6
"4149",1
"4150",1
"927",5
"929",3
"930",6
"932",1
"3270",2
"4154",5
"4155",5
"2768",4
"2033",1
"2034",3
"2908",4
"4152",1
"936",6
"938",1
"940",1
"944",4
"1582",5
"2238",8
"4158",3
"4159",1
"4161",8
"4171",4
"4174",6
"964",7
"1487",3
"4164",4
"4165",5
"4166",4
"946",1
"949",3
"950",3
"4328",4
"4330",5
"4331",6
"4332",4
"1897",8
"953",3
"954",8
"958",2
"959",7
"4167",5
"4168",6
"4170",3
"1278",4
"1280",3
"1282",1
"1315",8
"1668",6
"4181",4
"4183",1
"3147",5
"965",2
"967",1
"968",6
"969",3
"970",4
"973",2
"1872",8
"2666",10
"4176",1
"4177",3
"4184",1
"4185",1
"4186",1
"4187",1
"4188",1
"4189",1
"4190",1
"4191",1
"4192",1
"4193",1
"981",1
"987",2
"4194",2
"4195",2
"1522",8
"1528",1
"989",1
"991",1
"992",10
"994",1
"996",2
"1575",3
"4197",1
"4198",5
"4200",2
"4201",3
"4203",1
"2303",5
"6301",3
"6377",2
"1723",8
"1007",5
"1008",7
"1011",2
"1013",1
"1014",1
"4204",1
"4205",4
"1023",1
"1502",5
"5433",6
"4208",2
"4209",1
"4210",4
"4212",4
"1031",1
"1032",4
"1338",3
"4214",4
"1038",1
"1039",5
"1040",2
"1041",7
"1045",4
"1048",5
"1805",2
"1806",6
"1810",4
"1052",4
"4215",7
"1056",6
"1057",10
"1058",4
"1060",1
"4220",1
"4223",5
"4225",3
"1067",3
"4216",7
"4217",1
"4218",2
"4423",4
"4424",1
"4426",9
"4428",3
"1406",2
"4230",8
"4231",1
"4232",3
"1074",6
"1077",6
"1082",1
"1654",8
"4234",1
"4235",3
"1610",5
"4238",7
"4239",3
"4240",6
"4241",3
"4265",1
"1089",8
"2384",3
"1084",2
"1085",1
"2747",3
"1566",3
"4245",1
"4246",1
"1092",1
"1094",2
"4250",1
"4251",5
"1595",4
"2387",4
"4249",6
"1099",1
"1100",1
"1101",4
"2301",2
"2391",2
"4254",4
"4255",1
"2398",15
"4252",1
"4253",2
"4257",2
"4258",3
"1243",18
"4259",6
"2429",4
"4260",5
"4262",4
"4263",1
"1235",4
"5771",3
"1116",1
"1119",6
"4268",1
"4269",8
"4271",10
"1122",3
"1123",3
"1125",2
"2124",3
"2923",7
"4272",6
"2763",3
"4278",1
"4281",4
"4282",1
"4274",4
"4275",2
"2335",4
"4288",4
"4284",3
"1138",3
"1142",1
"1144",1
"1579",7
"4482",1
"4483",3
"1146",4
"1147",4
"1148",5
"1151",4
"4293",2
"4294",12
"2291",5
"6204",10
"6743",2
"6745",2
"1157",1
"2822",5
"4291",1
"4292",3
"1659",2
"2392",2
"2394",4
"1163",5
"1166",1
"1167",6
"1168",1
"2246",9
"1452",3
"1829",10
"3213",12
"4334",4
"4300",1
"1173",4
"1174",2
"1175",4
"1176",1
"1177",1
"1178",1
"4297",1
"1180",1
"1181",1
"1182",1
"1183",2
"1184",5
"2959",5
"4301",2
"3211",5
"4309",1
"4310",1
"4311",1
"4313",2
"1189",4
"1190",3
"1192",7
"1194",1
"1195",6
"1196",5
"1420",7
"2290",2
"2485",2
"2486",3
"2488",2
"1200",1
"1202",1
"2631",4
"4572",7
"4604",2
"4823",1
"1483",2
"1488",2
"4303",1
"4304",6
"4305",1
"4306",1
"1205",4
"4317",1
"4318",5
"4319",5
"4320",2
"4321",5
"4322",2
"4337",1
"4338",2
"4335",1
"1219",5
"3205",8
"2934",8
"3131",6
"4323",1
"4325",4
"3083",6
"3085",1
"1222",1
"4341",2
"4343",1
"3224",5
"4345",6
"4347",1
"1949",4
"4349",5
"4351",1
"4352",2
"1236",7
"1237",12
"1238",3
"1729",8
"4353",2
"4354",4
"4355",6
"4356",1
"4384",4
"4385",1
"2720",4
"3048",5
"4359",3
"4360",4
"1248",4
"1249",7
"1250",3
"1254",3
"1256",19
"2316",3
"4362",4
"4363",1
"4364",3
"1261",1
"1263",3
"1264",3
"4366",1
"4368",1
"4370",1
"4371",1
"1266",3
"1269",4
"1270",4
"1271",2
"1272",1
"1470",3
"2584",1
"2591",1
"1634",6
"2215",1
"4376",1
"4377",1
"4378",2
"4380",3
"4381",3
"2660",4
"4383",3
"1920",3
"2954",4
"2762",2
"1286",1
"1287",1
"1288",1
"1289",1
"1290",1
"1291",1
"1292",1
"1293",1
"1294",1
"1295",1
"4391",4
"4392",1
"4386",3
"2105",2
"2615",5
"4395",2
"2068",6
"4387",1
"4389",1
"1877",8
"2948",7
"4397",1
"4398",4
"2141",5
"4400",1
"4401",1
"4402",1
"4404",4
"1696",5
"1697",7
"1698",2
"1700",3
"1701",3
"1702",6
"1909",9
"2307",16
"3143",3
"4393",6
"1317",8
"1320",7
"1322",6
"1323",3
"2292",6
"2293",8
"4407",1
"4408",2
"4410",3
"4411",1
"1325",2
"1326",1
"1332",1
"2761",2
"1903",7
"4429",1
"4430",7
"4434",1
"7471",3
"4421",2
"1759",2
"1906",4
"2594",4
"4419",2
"4420",3
"2009",8
"4412",7
"4415",1
"4417",2
"1335",6
"1337",1
"1339",4
"1341",1
"1342",4
"4435",10
"4436",3
"1345",2
"1348",1
"4461",1
"4463",1
"2831",5
"4442",1
"4502",11
"1353",1
"3102",4
"4437",3
"4438",5
"4440",1
"4441",4
"2786",8
"4450",6
"1515",2
"1719",1
"1720",2
"1721",1
"2552",3
"3173",6
"3175",5
"4443",2
"4444",1
"1463",3
"5822",15
"6658",2
"4446",2
"2201",2
"4448",1
"2302",13
"2779",5
"3287",4
"2051",13
"4452",2
"2127",2
"2863",4
"4459",1
"4468",1
"4470",1
"1374",5
"1377",1
"1379",1
"1381",2
"4471",2
"4472",5
"4480",1
"1383",5
"1384",2
"1388",1
"4474",5
"4475",2
"4476",1
"4477",1
"2258",3
"4478",6
"1392",6
"1393",1
"1394",1
"1395",2
"1397",2
"1398",1
"1400",5
"1401",2
"1403",1
"1405",1
"1407",2
"1409",3
"1410",5
"2106",2
"4485",1
"4486",1
"4487",1
"4488",5
"4484",2
"4489",1
"4490",2
"4491",3
"1418",5
"1423",6
"1425",3
"1426",3
"1795",1
"6624",6
"7386",1
"7387",4
"4496",1
"4503",1
"4511",2
"4512",1
"2244",11
"4492",2
"4493",1
"3013",12
"4497",4
"4498",6
"4499",2
"1832",5
"4507",5
"4517",1
"2333",5
"2996",1
"2999",1
"5598",4
"1445",4
"1447",1
"1448",1
"1449",5
"1450",1
"4509",1
"4510",3
"3073",2
"4513",1
"4516",3
"1454",12
"1455",6
"1458",3
"4523",2
"4524",3
"4525",8
"2123",3
"2126",1
"1460",4
"1462",2
"1464",7
"5255",7
"1468",1
"2833",19
"2606",4
"2711",8
"4530",1
"4531",2
"4532",2
"7051",4
"7622",2
"7626",1
"4527",3
"4529",2
"4534",6
"4536",3
"4537",2
"1684",10
"4539",1
"1491",4
"1493",1
"1494",1
"1495",1
"1496",1
"6274",3
"6519",1
"4542",2
"1501",2
"1503",3
"4546",1
"4547",3
"1505",1
"1506",1
"1507",1
"4549",6
"1823",5
"2628",2
"4552",2
"1513",1
"1521",1
"4563",1
"4559",5
"4560",3
"3105",4
"4557",6
"4558",11
"1736",6
"3121",7
"4555",2
"4556",4
"4669",14
"4714",4
"4715",3
"2813",1
"2317",2
"2507",6
"1952",5
"4570",3
"4571",1
"1545",5
"1547",3
"1549",4
"1552",5
"1553",1
"4574",3
"4575",5
"2254",6
"4576",8
"1556",1
"1558",5
"1560",1
"1561",1
"4578",3
"2267",1
"2268",4
"2269",2
"2270",5
"2272",1
"1568",1
"1569",1
"1570",2
"1580",9
"4580",3
"4581",1
"1573",1
"4587",7
"4588",2
"4589",6
"1577",2
"1921",7
"2787",5
"2789",1
"1589",5
"4599",3
"4601",4
"4606",5
"1593",2
"4613",1
"4614",2
"4615",3
"4597",4
"4598",1
"4591",5
"4595",2
"1628",6
"4605",4
"2543",7
"4609",4
"1615",1
"1616",2
"4616",1
"4617",1
"4618",3
"4619",3
"1618",1
"1621",2
"1623",3
"3269",9
"4620",3
"4621",6
"4622",2
"7128",1
"7129",1
"7131",2
"4625",7
"4626",4
"4627",7
"1630",15
"1633",4
"1636",1
"1637",3
"1638",1
"1643",1
"1644",1
"3139",5
"4633",8
"4634",3
"4636",2
"1660",2
"4637",1
"5937",5
"6936",5
"7348",1
"4638",5
"1664",8
"4641",3
"2184",5
"4646",1
"1672",8
"1674",12
"2151",8
"4644",1
"1816",11
"4650",6
"4652",2
"1677",11
"2048",5
"3071",9
"3074",1
"1679",2
"1680",3
"1682",8
"1966",6
"4653",1
"1688",1
"1690",1
"4657",2
"4659",1
"4661",3
"2893",2
"4666",4
"4670",4
"4663",1
"4664",1
"2978",10
"4676",1
"1728",2
"1732",1
"2435",4
"2792",2
"4677",2
"4678",1
"4679",1
"4680",2
"2224",5
"4672",2
"3229",3
"4683",6
"1739",1
"1741",2
"1742",1
"1745",1
"1747",1
"1748",2
"1749",3
"4687",1
"4685",3
"1751",1
"1752",2
"4690",2
"2853",8
"4698",2
"4699",3
"1762",1
"1764",1
"1765",2
"4701",3
"4702",1
"4704",3
"4706",1
"4707",5
"4709",5
"4711",2
"1769",10
"1771",2
"1773",9
"1774",4
"4719",1
"4720",6
"4721",1
"4722",2
"2377",2
"2379",1
"2381",4
"1782",1
"4724",2
"4725",1
"1786",5
"1788",1
"1789",1
"1791",5
"1794",1
"2820",4
"4729",1
"4731",1
"4732",1
"2005",12
"7658",5
"7803",5
"8336",1
"8337",1
"8339",1
"1801",3
"1803",13
"2076",3
"4726",1
"4727",2
"4733",4
"4734",1
"4735",3
"4746",5
"4748",6
"1817",3
"1820",3
"1821",3
"1967",1
"1968",2
"1969",3
"1972",4
"4738",3
"4739",1
"1825",16
"1826",2
"1827",1
"4741",5
"1831",8
"4743",1
"4744",4
"1931",2
"2461",5
"4751",1
"4752",1
"4749",7
"4750",1
"1837",3
"2075",11
"4756",1
"4758",1
"4759",5
"2434",2
"4772",2
"4773",7
"4754",1
"4764",1
"4767",1
"4768",3
"4769",1
"1844",1
"1849",1
"4760",1
"4762",2
"4763",5
"4780",5
"4781",3
"1859",1
"1865",1
"1866",3
"1870",1
"2724",2
"4782",1
"1875",1
"2619",4
"4784",3
"1989",8
"4793",5
"4796",1
"4797",1
"1883",1
"1888",5
"4808",1
"4809",4
"3244",3
"4790",5
"4791",2
"4792",6
"2206",9
"2888",10
"4786",3
"4787",6
"1892",1
"1895",1
"1899",2
"1901",2
"4798",2
"4800",1
"1905",4
"1908",1
"1911",9
"4811",2
"1915",1
"1916",1
"1918",7
"1925",8
"4812",5
"4813",2
"4815",6
"1935",8
"4816",1
"4817",3
"4818",5
"1937",2
"1938",1
"1942",2
"2883",2
"1945",2
"1946",2
"1948",1
"5480",5
"6614",3
"6779",1
"6780",1
"2622",3
"4821",1
"4822",6
"1953",2
"1955",1
"4843",1
"2382",2
"2245",8
"4916",1
"2931",4
"2827",3
"4825",3
"4826",4
"4827",1
"4830",1
"1977",1
"4831",3
"4832",8
"4833",1
"4834",4
"1984",1
"4835",1
"4836",2
"4837",1
"4838",2
"3301",2
"4841",1
"1991",3
"1992",1
"2869",3
"4849",3
"4844",2
"4845",3
"4846",5
"4847",1
"4848",2
"4850",2
"4852",2
"2002",2
"2004",1
"2007",1
"4853",1
"4854",1
"4855",1
"4856",1
"4857",1
"4858",1
"4859",1
"2010",3
"2011",2
"2423",5
"4864",14
"4860",2
"2016",1
"2020",1
"6529",4
"7041",1
"7042",1
"7043",5
"4861",2
"4862",6
"4871",1
"4872",1
"4874",1
"4875",1
"2903",3
"5767",2
"6345",5
"2028",2
"2029",1
"2492",7
"4879",1
"5532",3
"6496",4
"6599",2
"4867",2
"4869",1
"4870",3
"4939",5
"4942",1
"4878",1
"2111",3
"6362",4
"2044",1
"4957",3
"4881",3
"2052",1
"2053",6
"2054",3
"4883",1
"2505",6
"2569",2
"4884",2
"4885",11
"4887",1
"2064",1
"2065",2
"2067",2
"2070",3
"4891",3
"4892",1
"4893",8
"2073",1
"2074",5
"2077",1
"2078",1
"2285",3
"4899",2
"4900",6
"4901",1
"4902",1
"4895",2
"4896",2
"2090",7
"2091",4
"3255",3
"2460",3
"7561",2
"7577",1
"7579",1
"2095",3
"2097",2
"4905",3
"4907",1
"2103",5
"2110",1
"4908",2
"4912",3
"5030",3
"5031",2
"5032",6
"4914",2
"2119",1
"2120",2
"2122",1
"5016",2
"3016",5
"4921",6
"2132",2
"2136",2
"4922",1
"2139",2
"2140",4
"2146",1
"2147",1
"2928",8
"4931",1
"4932",3
"2150",12
"2152",1
"3297",4
"4935",6
"2156",2
"4936",1
"4945",1
"4947",1
"4948",2
"3031",4
"4943",1
"2166",1
"2167",1
"4949",4
"4954",5
"4955",1
"4956",3
"3281",11
"2182",4
"4960",9
"5881",2
"2188",2
"2189",1
"2192",2
"2616",5
"4962",2
"4963",1
"2195",1
"2197",1
"2200",1
"2203",3
"2207",2
"4966",2
"4969",1
"2913",6
"4975",6
"4976",3
"4977",4
"4971",1
"4972",2
"2221",4
"2223",6
"4973",2
"2228",2
"2230",3
"2231",1
"2233",1
"4988",2
"4989",1
"3043",7
"4979",2
"4980",5
"2740",6
"2741",2
"2743",1
"4984",2
"4985",4
"4987",2
"4983",2
"5269",11
"6029",6
"2242",1
"4992",1
"4993",2
"4996",3
"4997",1
"4998",3
"5013",4
"5014",1
"5015",1
"5002",4
"5003",1
"5005",1
"2276",2
"5009",5
"5010",7
"2633",4
"5021",5
"5022",1
"5023",1
"5017",4
"6980",3
"7389",1
"7390",5
"7391",1
"5018",4
"5020",1
"5024",6
"5025",1
"5026",3
"5199",6
"5200",1
"5033",1
"2314",3
"5035",2
"5036",3
"6698",2
"6699",1
"5038",2
"5039",3
"2320",4
"2322",4
"5045",1
"5046",1
"5040",3
"5047",3
"5048",1
"5051",1
"2334",3
"5106",1
"5054",2
"2351",15
"2356",1
"2357",3
"6934",1
"6935",1
"2778",3
"5062",2
"5056",1
"5057",4
"2902",7
"2980",4
"3012",4
"3129",2
"5064",2
"2365",3
"2686",4
"5067",2
"2372",1
"5074",1
"5076",1
"5069",4
"5070",7
"5071",1
"5072",2
"5073",3
"5077",5
"5078",1
"2386",3
"2388",1
"7711",1
"2390",2
"5083",4
"2397",1
"2399",6
"5087",2
"5088",3
"5089",1
"3322",2
"5090",4
"5091",1
"5092",1
"5094",1
"2975",3
"3296",1
"2411",4
"3199",6
"5096",2
"3024",3
"5099",5
"5100",1
"5113",1
"5114",5
"5116",9
"2417",2
"2418",1
"2419",3
"2422",5
"5101",4
"5102",1
"5097",3
"2431",4
"5107",1
"5108",1
"5109",2
"5111",3
"5112",3
"3133",6
"8254",4
"2436",1
"5129",4
"2447",1
"2448",1
"6850",1
"5120",1
"5126",1
"5127",5
"5121",2
"5123",2
"5124",4
"5125",1
"2457",4
"2467",2
"5135",1
"5136",1
"5133",1
"2481",1
"5138",3
"5139",7
"5137",2
"5143",2
"5144",3
"5145",1
"5140",4
"2491",1
"2497",2
"2767",3
"6713",7
"7854",3
"2797",4
"5148",2
"5149",1
"5150",3
"5157",3
"2500",1
"2502",1
"2503",1
"2567",6
"5147",7
"2508",1
"2510",1
"2512",1
"5152",3
"5153",2
"5154",1
"2516",1
"2518",1
"5170",6
"5171",1
"5172",1
"5158",3
"5159",2
"5160",5
"5162",1
"5163",4
"5164",5
"5166",4
"5167",4
"5168",1
"2526",1
"2528",2
"2531",1
"5169",1
"5173",2
"5176",3
"2536",1
"2537",6
"2541",3
"5195",9
"5174",2
"2793",6
"5175",2
"5177",1
"5178",6
"5179",4
"5180",1
"5187",5
"5188",1
"5189",1
"2553",1
"2830",5
"5183",4
"5185",2
"3166",2
"2556",2
"2559",3
"5219",2
"5220",1
"7064",1
"5191",3
"5193",1
"2566",1
"2568",5
"5196",5
"7800",1
"2580",1
"5351",2
"6861",1
"5202",3
"5205",6
"5209",4
"5234",1
"5236",1
"5238",5
"3114",5
"5211",2
"5213",1
"5217",1
"5218",1
"2595",1
"2597",1
"2598",4
"5221",1
"5222",2
"5223",2
"5224",6
"2600",3
"5225",1
"5231",2
"5228",9
"2612",5
"2613",3
"8079",2
"5239",6
"2618",1
"2620",1
"5273",1
"2636",1
"2637",2
"5244",2
"5245",3
"5246",1
"2640",1
"2715",2
"5277",2
"3037",4
"3038",4
"5336",5
"5341",5
"5376",4
"5377",3
"2650",2
"2651",1
"2653",3
"6281",3
"2659",3
"2664",1
"2667",2
"2674",6
"5250",2
"5253",2
"5254",5
"5256",3
"5259",5
"5260",5
"5262",1
"2690",1
"5264",1
"5266",1
"5267",5
"5270",2
"5272",1
"2721",4
"2933",1
"5275",1
"5276",3
"5283",2
"5284",1
"5285",2
"5307",12
"5287",2
"5288",4
"5289",1
"5290",1
"2701",1
"5282",1
"2704",1
"2707",3
"5292",2
"5294",5
"5298",10
"5297",1
"5436",3
"5302",1
"5303",1
"5304",3
"5305",1
"5300",2
"2735",2
"5309",2
"5315",3
"5316",9
"5317",1
"5321",1
"5313",2
"5314",1
"3239",4
"2755",4
"2756",1
"2757",1
"5434",1
"5435",4
"5323",3
"5325",1
"2764",1
"2770",1
"2771",1
"2775",1
"5347",4
"2782",2
"2783",1
"2784",5
"5326",5
"5327",1
"5329",3
"5330",1
"5331",6
"5350",1
"2799",2
"2950",8
"5332",2
"5333",2
"5337",4
"5338",2
"2924",7
"5339",4
"2809",1
"5356",14
"5357",1
"5340",4
"6297",5
"5344",4
"5345",3
"2816",3
"8779",1
"8780",1
"8782",1
"5352",5
"5353",2
"5355",1
"2828",1
"2829",1
"2835",1
"5359",3
"5360",2
"5361",1
"2839",1
"2841",1
"2842",1
"2847",1
"2850",4
"2852",6
"7289",4
"8053",1
"5362",2
"5380",1
"5381",1
"5364",1
"5368",2
"5369",3
"5370",3
"5371",1
"5373",1
"5374",2
"5379",1
"2864",1
"2866",1
"5390",9
"5392",1
"5382",2
"5384",4
"2872",1
"2912",4
"5389",3
"5385",3
"5386",2
"5387",4
"2882",1
"2884",4
"2890",1
"2891",1
"5388",2
"2894",1
"2898",2
"5394",5
"5395",2
"5396",1
"2906",2
"5398",2
"5399",2
"2918",2
"5400",2
"5401",1
"5404",4
"2926",1
"2929",1
"3154",3
"5456",2
"5517",1
"2940",5
"2942",2
"2944",1
"2945",1
"2946",2
"5413",5
"5414",2
"5415",2
"5416",2
"2949",2
"5419",2
"5423",5
"2961",2
"5442",1
"5427",3
"5430",1
"5452",4
"5453",6
"5440",4
"2973",1
"2977",1
"5425",1
"2983",6
"5852",6
"7404",3
"2987",3
"2988",1
"5450",1
"5451",1
"2992",4
"5491",2
"5492",3
"3225",3
"5444",4
"5446",2
"5447",1
"5448",1
"5449",1
"3008",1
"3011",4
"3020",1
"3021",2
"3022",1
"3025",1
"3026",2
"3027",1
"3029",4
"5458",1
"5455",4
"5534",5
"6304",3
"5459",1
"5461",1
"5462",2
"5474",4
"3245",1
"3039",5
"5463",1
"5467",3
"5473",4
"5468",1
"5469",5
"8181",5
"8240",2
"8496",3
"8730",2
"8813",1
"5536",3
"5476",7
"3066",5
"3069",3
"5484",1
"7354",4
"3316",2
"5487",2
"5488",4
"5485",2
"3089",2
"3091",1
"5493",4
"5494",2
"5501",1
"3104",1
"5511",5
"5500",2
"3109",7
"5504",4
"7227",2
"7487",1
"5505",1
"5506",1
"5507",1
"5512",1
"3118",2
"3123",2
"3124",5
"3127",2
"3138",3
"3140",3
"3141",1
"5514",1
"5516",3
"3145",1
"3146",2
"3148",1
"3152",3
"5518",4
"3165",1
"3167",1
"3170",1
"5522",2
"5524",5
"5525",2
"5527",2
"5550",2
"5551",2
"3181",6
"5528",8
"5529",1
"5530",1
"5533",1
"5535",1
"5543",1
"5538",5
"5562",2
"5563",3
"3191",1
"5546",4
"5547",1
"5553",6
"3197",4
"7980",1
"7982",1
"5558",2
"5556",5
"5561",3
"5560",5
"5565",4
"5566",8
"5567",3
"5568",2
"5569",2
"3206",1
"5579",1
"5580",1
"5571",1
"5572",1
"5573",1
"5576",2
"5577",4
"3217",3
"3219",2
"3222",1
"3227",2
"5586",7
"3230",1
"3234",5
"5694",1
"5582",1
"5583",6
"3241",1
"5584",5
"6729",3
"7021",3
"7022",1
"5591",7
"5608",1
"5592",4
"3254",2
"3256",1
"5607",1
"5594",2
"5599",1
"5597",5
"5601",1
"3279",2
"5604",2
"5605",1
"3284",1
"5613",2
"5612",1
"5615",1
"3292",6
"5638",4
"5617",1
"3308",1
"5622",1
"5624",1
"5625",3
"5693",2
"5631",6
"5632",6
"5633",2
"5657",1
"5637",2
"5639",4
"5641",1
"5645",1
"5649",7
"5650",2
"5651",3
"5652",5
"5654",1
"5655",2
"5660",6
"5663",2
"5668",2
"5669",4
"5665",2
"5666",4
"5673",1
"5674",2
"5682",2
"5679",2
"5680",1
"6777",6
"7560",1
"5683",3
"5684",6
"5686",1
"5687",1
"5688",1
"5689",3
"5692",1
"5725",2
"5726",3
"5696",2
"5697",1
"5703",3
"5698",3
"5746",1
"5747",1
"5748",4
"5750",1
"5751",4
"5752",1
"5753",4
"5755",2
"5757",4
"5704",1
"7057",1
"5711",1
"5708",1
"5710",3
"5713",3
"5728",3
"5721",2
"5722",1
"5714",1
"5715",1
"5716",1
"5718",2
"5719",1
"5743",1
"5741",1
"5730",2
"5737",2
"5735",4
"5736",1
"5739",2
"5740",3
"5744",1
"5745",2
"5763",2
"5764",1
"5758",1
"5759",3
"5761",1
"5768",10
"5770",5
"6427",3
"5781",3
"5777",2
"5785",1
"5779",5
"5783",1
"5786",3
"5787",3
"5801",4
"5814",2
"5789",1
"5790",1
"5791",3
"5792",2
"5795",3
"5794",2
"5803",1
"5797",1
"5799",1
"5804",1
"5806",5
"5802",1
"5810",1
"5807",3
"5811",1
"5812",1
"5813",1
"5815",6
"5817",3
"5818",2
"5819",1
"5820",2
"5821",1
"5831",1
"5832",1
"5833",2
"5825",2
"5826",3
"5828",2
"5834",1
"5835",1
"7367",2
"7372",1
"7373",1
"5838",3
"5839",2
"5847",2
"5848",6
"5850",3
"5851",3
"5934",1
"5935",4
"5856",1
"7007",4
"7180",5
"7181",1
"7182",1
"5949",1
"5950",2
"5951",1
"5952",2
"5858",1
"5861",5
"5864",1
"5862",8
"5863",1
"5867",3
"5870",1
"5879",2
"5880",5
"5871",4
"5876",1
"5878",3
"5883",3
"5884",1
"5885",1
"5887",4
"5888",1
"5889",1
"5891",1
"5893",1
"5895",3
"5896",1
"5899",2
"5898",2
"5900",7
"5903",2
"5904",2
"5908",1
"5910",1
"5911",1
"5912",1
"5914",3
"5918",1
"5919",2
"5925",1
"5927",3
"6047",4
"6049",2
"5928",2
"6292",5
"6561",4
"6623",3
"7074",6
"7573",4
"5941",1
"5942",1
"5932",1
"5933",6
"5943",2
"5938",2
"5939",4
"5945",1
"5946",3
"5944",2
"6035",4
"8017",1
"5955",1
"5959",2
"5961",2
"5962",8
"5963",1
"5964",3
"7731",1
"5968",1
"7242",1
"5974",4
"6679",4
"7627",1
"7628",1
"7629",1
"7630",1
"7631",1
"7632",1
"7633",1
"5971",1
"5972",3
"5977",2
"5978",1
"5979",2
"5980",1
"5982",4
"7440",4
"7461",1
"5986",5
"5987",1
"6001",1
"5989",2
"5990",5
"5991",1
"5992",3
"5993",1
"6010",1
"6012",1
"6015",1
"6016",1
"6018",2
"5997",5
"5998",5
"5999",3
"6000",3
"6003",2
"6004",2
"6005",3
"6006",2
"6009",3
"6007",1
"6021",5
"6020",1
"6038",1
"6023",5
"6024",1
"8565",1
"8566",1
"6028",4
"6043",1
"6045",2
"6046",1
"6039",2
"6040",3
"6037",1
"6041",3
"6054",1
"6056",1
"6057",5
"6059",5
"6060",3
"6075",1
"6076",2
"6061",1
"6063",4
"6066",2
"6068",1
"6069",4
"6070",1
"6071",1
"6072",2
"6073",1
"6074",1
"6085",2
"6090",1
"6506",5
"8097",3
"7325",2
"6158",4
"6080",2
"6081",1
"6084",2
"6087",2
"6089",2
"6093",4
"6094",1
"6095",1
"6096",1
"6098",1
"6099",1
"6100",1
"6101",1
"6102",1
"6109",1
"6110",3
"6167",2
"6114",3
"6117",2
"6120",3
"6121",1
"6122",1
"6123",3
"6127",3
"6128",1
"6139",4
"7713",3
"7714",2
"7715",2
"7716",3
"7261",3
"6140",3
"6141",2
"6144",1
"6146",4
"6155",1
"6156",3
"6157",1
"6148",2
"6149",3
"6150",2
"6153",1
"6161",2
"6174",1
"6176",1
"7320",1
"7321",1
"6163",1
"6164",1
"6166",2
"6168",3
"6177",1
"6179",1
"6180",1
"6181",1
"6182",1
"7446",2
"6190",3
"6187",1
"6192",3
"6193",1
"6194",1
"6195",1
"6196",4
"6197",6
"6198",2
"6282",1
"6202",1
"6213",2
"6214",2
"6205",1
"6209",5
"8114",1
"8115",2
"8116",1
"8117",2
"6206",2
"6208",2
"6309",1
"6215",5
"6217",1
"6218",4
"6224",5
"6225",1
"6222",3
"7304",1
"7306",1
"7308",1
"6235",2
"6236",3
"6474",6
"6750",3
"7420",1
"6230",1
"6231",2
"6233",1
"6239",1
"6240",1
"6241",1
"6243",1
"6246",3
"6245",2
"6249",5
"6250",3
"6252",1
"6253",1
"6254",1
"6255",1
"6259",3
"6262",4
"6263",1
"6264",4
"6265",1
"6266",4
"6269",6
"6279",2
"6270",1
"6275",1
"6272",2
"6276",1
"6277",1
"6278",1
"6295",2
"6287",3
"6289",3
"6293",1
"6294",1
"6299",2
"6302",1
"6337",1
"6339",1
"6303",3
"6306",6
"6307",1
"6376",1
"6310",1
"6311",4
"6312",4
"6313",2
"6315",2
"6316",4
"6326",2
"6328",2
"6322",4
"6323",2
"6320",6
"6321",1
"6324",4
"6330",4
"6331",3
"6333",2
"6336",1
"6352",2
"6348",1
"6366",3
"6349",2
"6357",1
"6359",1
"6351",1
"6363",3
"6364",4
"6368",1
"6369",1
"6370",1
"6371",1
"6367",9
"6409",2
"6373",1
"6374",3
"6375",1
"6378",2
"6890",2
"6384",3
"8111",4
"8613",2
"8614",1
"6380",3
"6414",1
"6381",3
"6383",1
"6385",2
"6387",1
"6388",1
"6389",1
"6390",1
"6391",1
"6392",1
"6393",1
"6394",1
"6395",1
"6396",1
"6397",1
"6398",1
"6399",1
"6400",1
"6401",1
"6402",1
"6403",1
"6404",1
"6405",1
"6406",1
"6408",1
"6411",1
"7281",3
"6422",2
"6424",1
"6415",1
"6419",3
"6421",5
"6430",4
"6433",5
"6439",3
"6440",2
"6441",1
"6442",1
"6444",1
"7770",4
"7918",3
"6445",1
"6449",1
"6451",1
"6452",1
"6457",1
"6458",1
"6459",1
"6447",5
"6448",2
"6466",1
"6454",1
"6455",2
"6456",1
"6461",1
"6462",4
"6467",2
"6468",1
"6472",1
"6473",3
"6475",1
"6476",1
"6480",5
"6481",1
"6482",1
"6483",4
"6485",1
"6497",1
"6489",4
"6491",4
"6494",3
"6492",1
"6493",4
"6498",4
"7300",3
"6499",1
"6516",1
"6518",1
"6503",2
"6504",2
"6511",1
"6505",3
"6509",2
"6592",3
"6520",1
"6521",1
"6522",2
"6523",5
"6527",2
"6534",1
"6535",1
"7575",3
"7741",2
"7873",1
"6528",6
"7494",3
"7968",1
"6530",1
"6536",2
"6544",1
"6539",1
"6541",4
"6546",3
"6547",2
"6542",1
"6548",2
"6549",2
"6551",5
"6553",1
"6554",1
"6558",2
"6555",4
"6556",1
"6564",7
"6576",2
"6577",1
"6570",1
"6566",3
"6567",2
"6573",1
"6575",1
"6665",1
"6579",1
"6583",1
"6585",1
"6588",2
"6590",7
"6591",1
"6593",2
"6594",1
"6595",1
"6596",2
"6602",1
"6604",7
"6605",1
"6606",2
"6607",2
"6608",2
"6609",1
"6610",1
"6612",2
"6637",1
"6613",1
"6618",4
"6627",3
"6619",3
"6620",6
"6630",1
"6631",1
"6632",1
"6633",1
"6634",1
"6635",1
"6644",2
"6649",1
"6650",3
"6638",8
"6639",1
"6641",6
"6647",1
"6648",3
"6661",1
"6678",2
"6666",2
"6667",2
"6668",3
"6684",2
"6669",3
"6670",3
"6685",1
"6680",1
"6681",2
"6682",2
"6686",1
"6687",3
"6688",1
"6690",5
"6696",1
"6697",7
"6701",1
"6702",1
"6703",4
"6704",2
"6709",1
"6718",1
"6719",2
"6712",1
"6715",2
"6717",1
"6721",2
"6722",2
"6973",3
"8152",1
"6732",2
"6723",1
"6726",1
"6727",3
"7701",3
"8086",3
"8392",1
"6737",2
"6738",2
"6741",1
"6746",2
"6758",1
"7061",2
"8124",1
"6748",1
"6749",1
"6759",1
"6751",1
"6752",2
"6762",2
"6763",2
"6753",2
"6754",1
"6756",1
"6757",1
"7526",5
"7591",1
"6766",2
"6767",1
"6768",1
"6765",1
"6776",1
"6854",4
"6778",2
"6783",1
"6782",2
"6784",1
"6785",6
"6786",1
"6789",1
"6788",2
"6794",2
"6790",1
"6791",3
"6796",1
"6797",6
"6798",3
"6799",2
"6800",6
"6803",3
"6810",3
"6808",1
"6809",1
"6811",1
"6813",2
"6817",4
"6816",2
"6838",1
"6839",2
"6824",1
"6825",1
"6826",4
"6823",3
"6828",1
"6829",1
"6831",1
"6832",1
"6834",1
"6835",1
"6837",3
"6827",1
"6843",3
"6844",1
"6846",1
"6856",1
"6847",1
"7269",4
"6848",2
"6853",1
"7016",4
"7393",8
"8161",2
"8162",1
"8163",1
"6857",1
"6859",2
"6860",6
"6862",1
"6865",1
"6869",4
"6867",3
"6868",1
"6880",1
"6881",1
"6872",1
"6875",1
"6877",3
"6878",3
"6879",1
"6882",1
"6883",1
"6884",1
"6885",2
"6891",1
"6888",1
"6893",1
"6897",1
"6894",1
"6896",1
"6900",1
"6902",1
"6904",3
"6905",1
"6906",2
"6909",3
"6910",2
"6911",2
"6912",2
"6913",2
"6914",2
"6915",2
"6917",1
"6920",1
"6921",1
"6923",2
"6925",1
"6926",2
"6927",2
"6931",1
"6938",2
"6939",1
"6940",1
"6942",1
"6941",3
"6943",1
"6971",1
"6972",1
"6974",1
"6976",1
"6977",2
"6978",2
"6979",3
"6946",1
"6948",2
"6949",2
"6950",1
"6951",4
"6959",3
"6963",1
"6961",2
"6967",4
"6962",2
"6965",1
"6968",1
"7038",1
"6982",1
"6985",1
"6986",4
"6997",1
"6989",1
"6990",2
"6991",2
"6993",1
"6995",3
"6999",1
"7000",3
"7002",1
"7003",2
"7004",1
"7013",1
"7014",1
"7015",1
"7017",2
"7018",3
"7019",1
"7006",3
"7009",1
"7011",1
"7020",1
"7023",4
"7026",1
"7028",1
"7933",1
"7029",2
"7031",1
"7032",1
"7039",2
"7040",1
"7037",3
"7045",3
"7046",2
"7049",3
"7053",1
"7054",4
"7058",6
"7059",2
"7062",1
"7069",1
"7071",1
"7072",2
"7073",3
"7075",1
"7078",2
"7079",4
"7081",1
"7082",1
"7084",2
"7085",1
"7086",2
"7089",3
"7088",1
"7094",1
"7095",1
"7096",3
"7097",1
"7099",4
"7103",3
"7106",5
"7428",5
"7110",2
"7111",1
"7107",1
"7116",1
"7126",1
"7118",3
"7119",2
"7120",3
"7122",2
"7123",3
"7124",2
"7134",1
"7135",1
"7136",1
"7137",1
"7138",1
"7139",1
"7149",1
"7141",2
"7142",2
"7143",1
"7144",1
"7152",2
"7153",3
"7154",2
"7155",1
"7157",1
"7158",1
"7159",1
"7169",1
"7167",1
"7166",2
"7171",1
"7541",6
"7177",2
"7179",1
"7183",2
"7184",2
"7185",2
"7187",1
"7199",1
"7193",2
"7194",1
"7195",5
"7204",1
"7210",1
"7203",3
"7207",1
"7209",1
"7213",2
"7221",3
"7222",4
"7223",2
"7224",1
"7225",4
"7226",4
"7215",1
"7216",1
"7217",1
"7218",1
"7219",2
"7220",1
"7229",3
"7172",3
"7231",2
"7232",2
"7236",1
"7240",1
"7254",3
"7246",1
"7249",1
"7251",2
"7255",3
"7256",1
"7259",1
"7260",1
"7263",5
"7257",2
"7258",1
"7265",2
"7266",1
"7996",1
"7267",1
"7270",5
"7271",1
"7272",2
"7278",2
"7276",1
"7277",2
"7282",1
"7283",1
"7284",1
"7287",2
"7298",1
"7290",3
"7291",2
"7293",1
"7301",1
"7302",4
"7294",1
"7297",1
"7303",1
"7299",3
"7311",1
"7312",3
"7315",1
"7316",1
"7322",1
"7323",2
"7330",1
"7333",1
"7339",1
"7374",1
"7376",2
"7378",2
"7379",5
"7347",1
"7368",1
"7350",2
"7351",1
"7353",2
"7357",1
"7358",3
"7361",1
"7362",1
"7370",1
"7365",5
"7382",1
"7384",1
"7394",1
"7395",1
"7397",4
"7400",1
"7401",3
"7403",1
"7405",1
"7407",2
"7409",3
"7410",7
"7411",1
"7414",1
"7416",1
"7418",1
"7419",1
"8537",1
"7424",2
"7422",1
"7423",1
"7426",1
"7427",2
"7429",1
"7432",3
"7433",2
"7435",1
"7434",1
"7437",1
"7439",1
"7443",2
"7445",1
"7449",4
"7450",1
"7452",1
"7453",1
"7451",2
"7456",1
"7488",2
"7458",1
"7459",1
"7463",1
"7469",2
"7465",2
"7467",1
"7472",2
"7473",2
"7474",1
"7477",1
"7478",3
"7479",1
"7480",1
"7481",6
"7484",2
"7485",1
"7486",1
"7492",3
"7489",2
"7490",1
"7491",1
"7495",1
"7496",2
"7497",1
"7500",4
"7502",1
"7503",3
"7504",1
"7505",1
"7506",1
"7507",2
"7508",1
"8221",4
"7511",1
"7513",2
"7517",2
"7518",2
"7522",2
"7524",1
"8314",1
"8315",1
"7530",3
"7532",1
"8364",2
"8751",2
"8755",1
"7527",2
"7534",1
"7536",1
"7537",2
"7543",1
"7547",1
"7549",2
"7538",2
"7540",1
"8299",2
"7550",5
"7551",1
"7554",2
"7555",2
"7556",4
"7559",1
"8144",1
"7563",1
"7564",1
"7566",1
"7567",1
"7568",1
"7569",1
"7570",1
"7572",1
"8249",2
"7574",3
"7576",6
"7580",1
"7587",2
"7588",2
"7589",1
"7598",1
"7594",1
"7595",2
"7602",1
"7607",1
"7608",1
"7611",1
"7612",2
"7614",1
"7615",1
"7659",1
"7618",1
"7619",5
"7621",1
"7625",2
"8297",1
"7664",2
"7638",3
"7637",1
"7639",1
"7642",1
"7645",1
"7646",1
"7647",2
"7651",1
"7662",2
"7666",1
"7667",4
"7669",1
"7670",2
"7681",3
"7674",1
"8293",3
"8497",1
"8498",1
"8499",1
"7678",1
"7679",1
"7682",2
"7683",1
"7685",2
"7686",1
"7687",1
"7689",1
"7690",1
"7691",1
"7692",1
"7693",1
"7695",3
"7699",1
"7705",1
"7706",1
"7707",1
"7708",3
"7709",1
"7733",1
"7764",2
"7719",1
"7720",1
"7721",1
"7722",1
"7723",1
"7724",1
"7725",1
"7726",1
"7727",1
"7728",1
"7729",1
"7734",1
"7737",1
"7739",3
"7740",1
"7742",1
"7743",2
"7744",1
"7747",1
"7751",1
"7753",1
"7755",2
"7756",2
"7757",1
"7758",1
"7759",1
"7760",2
"7761",4
"7765",1
"7766",1
"7773",1
"7774",1
"7776",1
"7771",2
"7777",1
"7778",3
"7779",1
"7780",1
"7781",1
"7784",1
"7785",1
"7786",2
"7796",1
"7793",3
"7794",1
"7795",1
"7789",2
"7790",2
"7791",2
"7799",2
"7797",1
"7812",2
"7806",1
"7807",1
"7808",2
"7815",1
"7819",1
"7824",1
"7826",4
"8266",1
"8226",2
"7827",2
"7832",1
"7833",1
"7836",1
"7837",1
"7838",1
"7839",3
"7840",1
"7841",1
"7842",1
"7844",2
"7845",2
"7846",1
"7848",1
"7849",1
"7853",1
"7851",3
"7857",1
"7859",1
"7865",1
"7864",2
"7866",4
"7867",1
"7870",1
"7871",1
"7872",2
"7869",2
"7874",1
"7878",2
"7882",1
"7885",1
"8090",5
"8291",2
"8518",1
"7886",1
"7888",1
"7890",2
"7891",1
"7895",1
"7896",2
"7897",1
"7898",1
"7904",1
"7905",1
"7902",1
"7901",2
"7908",4
"7907",1
"7921",1
"7922",1
"7910",1
"7912",2
"7917",1
"7919",3
"7916",1
"7925",2
"7926",1
"7931",1
"7934",1
"7935",1
"7936",1
"7963",1
"7939",1
"7943",2
"7945",1
"7946",1
"7947",1
"7948",1
"7964",1
"7950",1
"7951",2
"7952",2
"7953",1
"7954",1
"7957",1
"7958",1
"7663",1
"7961",1
"7966",1
"7969",1
"7972",1
"7970",1
"7971",1
"7974",1
"7978",1
"7979",3
"8445",1
"7984",1
"7985",1
"7987",1
"7995",2
"7992",2
"7993",2
"7998",1
"7999",1
"8000",2
"8001",1
"8002",1
"8007",1
"8008",1
"8006",1
"8010",1
"8014",1
"8756",1
"8025",1
"8026",1
"8020",2
"8019",1
"8023",1
"8030",1
"8031",1
"8081",1
"8082",1
"8032",4
"8038",1
"8035",1
"8036",4
"8083",1
"8084",1
"8085",1
"8037",1
"8042",2
"8043",4
"8048",2
"8050",1
"8054",1
"8055",2
"8056",2
"8057",1
"8060",1
"8064",1
"8059",1
"8062",2
"8385",1
"8068",1
"8070",1
"8065",1
"8066",1
"8067",1
"8072",1
"8071",1
"8074",2
"8075",1
"8076",1
"8078",1
"8088",2
"8091",1
"8092",3
"8093",5
"8094",2
"8095",3
"8098",2
"8148",1
"8149",1
"8101",1
"8102",1
"8103",1
"8157",1
"7653",1
"8108",1
"8109",3
"8119",1
"8120",1
"8121",1
"8123",2
"8125",1
"8126",4
"8130",2
"8132",2
"8134",6
"8138",2
"8141",1
"8136",1
"8443",2
"8444",2
"8143",1
"8146",1
"8147",1
"8154",1
"8155",1
"8183",3
"8184",3
"8185",1
"8153",3
"8160",1
"8165",1
"8164",1
"8166",4
"8167",1
"8168",1
"8175",1
"8176",1
"8174",1
"8186",1
"8187",1
"8188",3
"8189",1
"8191",1
"8192",3
"8194",1
"8195",1
"8196",1
"8197",1
"8198",1
"8199",1
"8200",1
"8201",1
"8202",1
"8203",1
"8204",1
"8205",1
"8206",1
"8207",1
"8208",1
"8209",1
"8219",1
"8220",1
"8211",1
"8212",1
"8213",4
"8214",2
"8215",1
"8216",1
"8218",1
"8223",1
"8225",1
"8264",2
"8227",1
"8229",1
"8232",1
"8233",1
"8235",1
"8236",2
"8561",3
"8239",1
"8242",4
"8247",1
"8243",3
"8244",1
"8245",1
"8255",1
"8300",2
"8260",1
"8259",1
"8262",2
"8265",1
"8270",2
"8271",2
"8274",1
"8278",1
"8279",1
"8282",2
"8284",1
"8287",1
"8290",2
"8292",2
"8294",1
"8295",1
"8303",1
"8302",2
"8623",1
"8301",1
"8304",1
"8305",1
"8309",2
"8310",3
"8316",1
"8320",3
"8323",1
"8325",1
"8821",1
"8822",1
"8322",3
"8328",1
"8329",1
"8333",1
"8334",1
"8344",1
"8346",1
"8347",1
"8348",1
"8351",2
"8355",1
"8356",2
"8353",1
"8354",1
"8361",1
"8358",1
"8360",1
"8363",1
"8365",2
"8547",1
"8402",3
"8398",1
"8399",1
"8369",1
"8371",1
"8372",1
"8373",1
"8375",2
"8376",1
"8378",1
"8404",3
"8379",2
"8413",1
"8391",1
"8388",1
"8394",1
"8405",1
"8406",1
"8407",1
"8425",4
"8426",1
"8409",1
"8410",1
"8414",4
"8415",1
"8417",2
"8421",1
"8428",1
"8689",1
"8434",1
"8448",1
"8436",1
"8439",1
"8441",1
"8504",4
"8451",1
"8452",1
"8453",1
"8454",4
"8459",1
"8460",2
"8461",1
"8462",1
"8463",1
"8481",2
"8490",1
"8467",1
"8468",1
"8471",1
"8473",2
"8474",1
"8476",1
"8479",1
"8480",1
"8483",1
"8482",1
"8487",2
"8500",2
"8501",1
"8507",4
"8509",2
"8510",1
"8505",1
"8506",2
"8512",1
"8520",2
"8514",1
"8515",2
"8516",1
"8517",1
"8578",1
"8521",1
"8522",1
"8523",1
"8524",1
"8533",1
"8535",2
"8538",2
"8540",1
"8544",1
"8546",2
"8550",1
"8551",1
"8552",1
"8553",1
"8554",1
"8557",1
"8559",2
"8560",1
"8562",1
"8572",1
"8569",1
"8571",1
"8575",1
"8576",1
"8573",1
"8584",2
"8580",2
"8581",2
"8582",1
"8591",2
"8592",1
"8598",1
"8593",2
"8594",1
"8600",2
"8601",1
"8607",1
"8608",1
"8603",1
"8604",1
"8606",2
"8609",1
"8615",1
"8619",1
"8620",1
"8621",1
"8622",1
"8624",1
"8633",1
"8634",1
"8635",1
"8626",1
"8627",1
"8630",1
"8628",1
"8636",1
"8683",1
"8657",1
"8647",1
"8654",1
"8659",1
"8660",1
"8663",1
"8664",1
"8667",1
"8668",1
"8669",1
"8670",1
"8671",1
"8672",1
"8673",1
"8674",1
"8675",1
"8676",1
"8680",1
"8685",1
"8732",1
"8733",1
"8690",1
"8687",1
"8694",3
"8695",1
"8692",1
"8697",1
"8700",1
"8701",1
"8737",2
"8703",1
"8704",1
"8705",1
"8746",1
"8707",1
"8708",1
"8711",1
"8713",1
"8715",1
"8718",1
"8720",3
"8721",1
"8723",1
"8724",1
"8729",1
"8731",1
"8734",1
"8736",1
"8738",1
"8783",1
"8741",1
"8744",1
"8745",1
"8747",2
"8748",1
"8750",1
"8753",1
"8758",2
"8759",1
"8761",1
"8762",1
"8766",1
"8767",1
"8769",1
"8772",1
"8768",1
"8770",1
"8776",2
"8784",1
"8787",1
"8788",1
"8789",1
"8791",1
"8792",2
"8795",1
"8796",1
"8797",1
"8798",1
"8799",1
"8805",2
"8806",1
"8802",1
"8808",1
"8809",1
"8810",1
"8814",1
"8816",1
"8818",1
"8825",1
"8826",1
"8832",1
"8833",1
"8834",1
"8835",1
"8829",1
"8838",1
"8839",1
"8840",1
"8841",2
"8842",1
"8845",1
